i,j,duration_days,season
1,7,2,Winter
1,8,3,Winter
1,9,4,Winter
1,10,4,Winter
1,11,4,Winter
1,45,2,Winter
2,9,2,Winter
2,10,2,Winter
2,46,2,Winter
3,11,2,Winter
3,12,2,Winter
3,13,2,Winter
3,26,2,Winter
3,27,2,Winter
3,46,2,Winter
4,11,3,Winter
4,18,2,Winter
4,19,2,Winter
4,20,5,Winter
4,21,3,Winter
4,22,2,Winter
4,23,2,Winter
4,24,2,Winter
4,25,3,Winter
4,27,2,Winter
4,28,2,Winter
4,29,2,Winter
4,30,2,Winter
4,31,2,Winter
4,32,2,Winter
4,33,2,Winter
4,35,4,Winter
4,36,3,Winter
4,37,2,Winter
4,38,3,Winter
4,38,2,Winter
4,39,2,Winter
4,40,2,Winter
4,41,3,Winter
4,42,2,Winter
4,43,2,Winter
4,43,2,Winter
4,43,2,Winter
4,44,2,Winter
4,45,2,Winter
4,45,2,Winter
4,45,2,Winter
4,46,2,Winter
4,46,2,Winter
4,46,2,Winter
4,46,2,Winter
5,4,2,Winter
5,6,2,Winter
5,9,2,Winter
5,14,3,Winter
5,15,2,Winter
5,16,2,Winter
5,17,2,Winter
5,18,2,Winter
5,19,3,Winter
5,20,2,Winter
5,21,2,Winter
5,22,2,Winter
5,23,2,Winter
5,24,2,Winter
5,25,2,Winter
5,31,2,Winter
5,32,2,Winter
5,33,2,Winter
5,34,3,Winter
5,35,2,Winter
5,36,4,Winter
5,37,2,Winter
5,37,4,Winter
5,37,2,Winter
5,38,2,Winter
5,38,3,Winter
5,38,2,Winter
5,39,3,Winter
5,39,2,Winter
5,40,3,Winter
5,40,2,Winter
5,41,2,Winter
5,41,4,Winter
5,41,2,Winter
5,42,2,Winter
5,42,4,Winter
5,42,2,Winter
5,43,2,Winter
5,43,4,Winter
5,43,3,Winter
5,44,2,Winter
5,44,2,Winter
5,44,3,Winter
5,44,3,Winter
5,45,2,Winter
5,45,2,Winter
5,45,3,Winter
5,45,3,Winter
5,46,2,Winter
5,46,2,Winter
5,46,3,Winter
5,46,3,Winter
6,2,2,Winter
6,3,2,Winter
6,4,2,Winter
6,5,2,Winter
6,6,2,Winter
6,7,2,Winter
6,10,2,Winter
6,11,2,Winter
6,14,3,Winter
6,15,3,Winter
6,18,2,Winter
6,19,2,Winter
6,20,2,Winter
6,21,2,Winter
6,22,2,Winter
6,23,2,Winter
6,24,2,Winter
6,25,2,Winter
6,32,2,Winter
6,33,2,Winter
6,34,2,Winter
6,35,2,Winter
6,36,2,Winter
6,37,2,Winter
6,37,2,Winter
6,37,2,Winter
6,38,2,Winter
6,38,2,Winter
6,38,2,Winter
6,39,3,Winter
6,39,2,Winter
6,40,3,Winter
6,40,3,Winter
6,41,2,Winter
6,41,2,Winter
6,41,3,Winter
6,41,2,Winter
6,42,2,Winter
6,42,4,Winter
6,42,3,Winter
6,43,4,Winter
6,43,3,Winter
6,44,3,Winter
6,44,3,Winter
6,45,2,Winter
6,45,3,Winter
6,45,2,Winter
6,46,2,Winter
6,46,2,Winter
6,46,3,Winter
6,46,3,Winter
7,2,2,Winter
7,3,2,Winter
7,4,2,Winter
7,5,2,Winter
7,14,2,Winter
7,15,2,Winter
7,16,2,Winter
7,17,2,Winter
7,18,2,Winter
7,19,2,Winter
7,20,2,Winter
7,21,2,Winter
7,22,2,Winter
7,23,2,Winter
7,24,2,Winter
7,35,2,Winter
7,36,2,Winter
7,38,2,Winter
7,39,3,Winter
7,39,2,Winter
7,40,3,Winter
7,40,3,Winter
7,41,2,Winter
7,41,2,Winter
7,41,3,Winter
7,41,3,Winter
7,42,2,Winter
7,42,4,Winter
7,42,3,Winter
7,43,4,Winter
7,43,3,Winter
7,44,4,Winter
7,44,3,Winter
7,45,4,Winter
7,45,2,Winter
7,46,2,Winter
7,46,2,Winter
7,46,3,Winter
7,46,2,Winter
8,2,2,Winter
8,3,2,Winter
8,32,2,Winter
8,38,2,Winter
8,39,2,Winter
8,40,2,Winter
8,41,2,Winter
8,41,3,Winter
8,42,2,Winter
8,42,2,Winter
8,42,3,Winter
8,42,3,Winter
8,43,3,Winter
8,43,2,Winter
8,43,3,Winter
8,43,3,Winter
8,44,3,Winter
8,44,4,Winter
8,44,3,Winter
8,45,3,Winter
8,45,4,Winter
8,45,3,Winter
8,46,2,Winter
8,46,4,Winter
8,46,2,Winter
9,2,2,Winter
9,3,2,Winter
9,15,2,Winter
9,16,3,Winter
9,17,3,Winter
9,18,3,Winter
9,19,2,Winter
9,20,2,Winter
9,21,2,Winter
9,24,2,Winter
9,25,2,Winter
9,26,2,Winter
9,37,2,Winter
9,37,2,Winter
9,38,2,Winter
9,39,2,Winter
9,39,3,Winter
9,40,3,Winter
9,40,3,Winter
9,41,2,Winter
9,41,4,Winter
9,42,3,Winter
9,42,2,Winter
9,42,4,Winter
9,43,3,Winter
9,43,2,Winter
9,43,2,Winter
9,43,3,Winter
9,44,3,Winter
9,44,3,Winter
9,44,3,Winter
9,45,2,Winter
9,45,2,Winter
9,45,2,Winter
9,45,3,Winter
9,45,2,Winter
9,46,3,Winter
9,46,2,Winter
9,46,2,Winter
9,46,3,Winter
9,46,2,Winter
10,2,2,Winter
10,3,2,Winter
10,18,2,Winter
10,19,2,Winter
10,20,2,Winter
10,21,2,Winter
10,22,2,Winter
10,37,2,Winter
10,39,2,Winter
10,40,2,Winter
10,40,3,Winter
10,41,2,Winter
10,41,3,Winter
10,42,2,Winter
10,42,4,Winter
10,43,3,Winter
10,43,2,Winter
10,43,2,Winter
10,43,4,Winter
10,44,3,Winter
10,44,2,Winter
10,44,2,Winter
10,44,4,Winter
10,45,3,Winter
10,45,2,Winter
10,45,3,Winter
10,45,4,Winter
10,46,2,Winter
10,46,2,Winter
10,46,2,Winter
10,46,3,Winter
10,46,2,Winter
11,2,2,Winter
11,3,2,Winter
11,4,2,Winter
11,22,2,Winter
11,42,3,Winter
11,43,4,Winter
11,44,2,Winter
11,44,2,Winter
11,44,4,Winter
11,45,2,Winter
11,45,2,Winter
11,45,2,Winter
11,45,4,Winter
11,46,2,Winter
11,46,4,Winter
12,20,2,Winter
12,21,2,Winter
12,22,2,Winter
12,41,2,Winter
12,43,2,Winter
12,44,4,Winter
12,45,2,Winter
12,45,2,Winter
12,45,2,Winter
12,45,4,Winter
12,46,2,Winter
12,46,2,Winter
12,46,4,Winter
13,7,2,Winter
13,8,2,Winter
13,9,2,Winter
13,13,2,Winter
13,13,2,Winter
13,14,2,Winter
13,15,2,Winter
13,16,2,Winter
13,43,2,Winter
13,44,2,Winter
13,44,2,Winter
13,45,2,Winter
13,45,2,Winter
13,45,2,Winter
13,45,3,Winter
13,46,2,Winter
13,46,3,Winter
13,46,2,Winter
13,46,2,Winter
13,46,4,Winter
14,2,2,Winter
14,3,3,Winter
14,4,2,Winter
14,8,2,Winter
14,9,2,Winter
14,10,2,Winter
14,10,2,Winter
14,11,2,Winter
14,11,2,Winter
14,12,2,Winter
14,12,2,Winter
14,13,2,Winter
14,13,2,Winter
14,14,2,Winter
14,15,2,Winter
14,15,2,Winter
14,15,2,Winter
14,16,2,Winter
14,16,2,Winter
14,16,2,Winter
14,17,2,Winter
14,17,2,Winter
14,18,2,Winter
14,18,2,Winter
14,19,2,Winter
14,19,2,Winter
14,19,2,Winter
14,20,2,Winter
14,20,2,Winter
14,23,2,Winter
14,24,2,Winter
14,25,2,Winter
14,26,2,Winter
14,44,2,Winter
14,45,2,Winter
14,45,2,Winter
14,45,2,Winter
14,46,2,Winter
14,46,2,Winter
14,46,2,Winter
14,46,2,Winter
15,2,3,Winter
15,2,2,Winter
15,3,3,Winter
15,3,2,Winter
15,4,3,Winter
15,5,2,Winter
15,6,2,Winter
15,10,2,Winter
15,10,2,Winter
15,11,2,Winter
15,11,2,Winter
15,11,2,Winter
15,12,2,Winter
15,12,2,Winter
15,13,2,Winter
15,13,2,Winter
15,13,2,Winter
15,14,2,Winter
15,14,2,Winter
15,14,2,Winter
15,15,2,Winter
15,15,2,Winter
15,16,2,Winter
15,16,2,Winter
15,17,2,Winter
15,17,2,Winter
15,17,3,Winter
15,18,2,Winter
15,18,2,Winter
15,19,3,Winter
15,19,2,Winter
15,19,2,Winter
15,19,2,Winter
15,20,3,Winter
15,20,2,Winter
15,20,2,Winter
15,20,2,Winter
15,21,3,Winter
15,21,3,Winter
15,21,2,Winter
15,21,2,Winter
15,22,3,Winter
15,22,2,Winter
15,22,2,Winter
15,22,2,Winter
15,23,4,Winter
15,23,3,Winter
15,23,2,Winter
15,23,2,Winter
15,24,4,Winter
15,24,3,Winter
15,24,2,Winter
15,25,2,Winter
15,26,3,Winter
15,30,2,Winter
15,31,2,Winter
15,32,2,Winter
15,41,2,Winter
15,42,2,Winter
15,43,2,Winter
15,43,2,Winter
15,44,4,Winter
15,44,2,Winter
15,45,2,Winter
15,45,3,Winter
15,45,2,Winter
15,46,2,Winter
15,46,4,Winter
15,46,2,Winter
16,2,2,Winter
16,2,2,Winter
16,3,3,Winter
16,3,2,Winter
16,4,3,Winter
16,5,3,Winter
16,6,3,Winter
16,7,2,Winter
16,8,2,Winter
16,9,3,Winter
16,10,2,Winter
16,11,2,Winter
16,11,2,Winter
16,11,2,Winter
16,11,2,Winter
16,12,2,Winter
16,12,2,Winter
16,13,2,Winter
16,13,2,Winter
16,13,2,Winter
16,13,2,Winter
16,14,2,Winter
16,14,2,Winter
16,14,2,Winter
16,15,2,Winter
16,15,2,Winter
16,15,2,Winter
16,16,2,Winter
16,16,2,Winter
16,16,2,Winter
16,17,2,Winter
16,18,2,Winter
16,18,2,Winter
16,19,4,Winter
16,19,3,Winter
16,20,2,Winter
16,20,2,Winter
16,20,2,Winter
16,20,2,Winter
16,21,2,Winter
16,21,2,Winter
16,21,2,Winter
16,21,2,Winter
16,21,2,Winter
16,22,3,Winter
16,22,2,Winter
16,22,3,Winter
16,22,3,Winter
16,22,2,Winter
16,22,2,Winter
16,22,2,Winter
16,23,4,Winter
16,23,2,Winter
16,23,3,Winter
16,23,2,Winter
16,23,2,Winter
16,23,2,Winter
16,23,2,Winter
16,24,4,Winter
16,24,3,Winter
16,24,2,Winter
16,24,2,Winter
16,24,2,Winter
16,25,2,Winter
16,25,4,Winter
16,25,2,Winter
16,26,2,Winter
16,26,4,Winter
16,26,2,Winter
16,26,2,Winter
16,27,2,Winter
16,27,3,Winter
16,28,2,Winter
16,33,2,Winter
16,34,2,Winter
16,35,2,Winter
16,36,2,Winter
16,36,2,Winter
16,37,2,Winter
16,38,2,Winter
16,39,2,Winter
16,39,2,Winter
16,40,2,Winter
16,40,2,Winter
16,41,2,Winter
16,41,2,Winter
16,41,2,Winter
16,42,2,Winter
16,42,2,Winter
16,43,2,Winter
16,43,2,Winter
16,43,3,Winter
16,43,2,Winter
16,43,2,Winter
16,44,2,Winter
16,44,3,Winter
16,44,2,Winter
16,45,2,Winter
16,45,3,Winter
16,46,3,Winter
17,2,2,Winter
17,2,4,Winter
17,2,2,Winter
17,3,2,Winter
17,3,3,Winter
17,4,3,Winter
17,5,3,Winter
17,6,3,Winter
17,7,3,Winter
17,8,3,Winter
17,9,3,Winter
17,10,3,Winter
17,11,3,Winter
17,11,2,Winter
17,12,3,Winter
17,12,2,Winter
17,12,2,Winter
17,13,3,Winter
17,13,2,Winter
17,14,2,Winter
17,14,2,Winter
17,14,2,Winter
17,15,2,Winter
17,15,2,Winter
17,15,2,Winter
17,16,2,Winter
17,17,2,Winter
17,17,2,Winter
17,18,2,Winter
17,18,2,Winter
17,18,2,Winter
17,18,2,Winter
17,19,2,Winter
17,19,3,Winter
17,19,2,Winter
17,20,2,Winter
17,20,3,Winter
17,20,2,Winter
17,20,2,Winter
17,21,2,Winter
17,21,3,Winter
17,21,2,Winter
17,21,3,Winter
17,21,3,Winter
17,21,2,Winter
17,21,3,Winter
17,22,2,Winter
17,22,3,Winter
17,22,2,Winter
17,22,2,Winter
17,22,2,Winter
17,22,3,Winter
17,22,2,Winter
17,22,3,Winter
17,23,2,Winter
17,23,3,Winter
17,23,2,Winter
17,23,2,Winter
17,23,2,Winter
17,23,2,Winter
17,23,3,Winter
17,23,2,Winter
17,23,3,Winter
17,24,2,Winter
17,24,3,Winter
17,24,2,Winter
17,24,2,Winter
17,24,2,Winter
17,24,3,Winter
17,24,2,Winter
17,24,3,Winter
17,25,2,Winter
17,25,2,Winter
17,25,2,Winter
17,25,3,Winter
17,25,2,Winter
17,26,3,Winter
17,26,2,Winter
17,26,3,Winter
17,26,2,Winter
17,26,2,Winter
17,27,2,Winter
17,27,3,Winter
17,27,2,Winter
17,27,2,Winter
17,28,2,Winter
17,28,2,Winter
17,28,2,Winter
17,28,2,Winter
17,28,2,Winter
17,29,2,Winter
17,29,2,Winter
17,29,2,Winter
17,30,2,Winter
17,30,2,Winter
17,31,2,Winter
17,31,2,Winter
17,32,2,Winter
17,32,2,Winter
17,33,2,Winter
17,33,2,Winter
17,34,2,Winter
17,34,2,Winter
17,35,4,Winter
17,35,2,Winter
17,36,2,Winter
17,36,2,Winter
17,36,3,Winter
17,37,2,Winter
17,38,2,Winter
17,38,2,Winter
17,38,2,Winter
17,39,2,Winter
17,39,2,Winter
17,39,2,Winter
17,40,3,Winter
17,40,2,Winter
17,41,2,Winter
17,41,2,Winter
17,41,3,Winter
17,42,2,Winter
17,42,2,Winter
17,42,2,Winter
17,43,2,Winter
17,43,2,Winter
17,43,2,Winter
17,44,2,Winter
17,45,2,Winter
17,45,3,Winter
17,46,2,Winter
17,46,3,Winter
18,2,4,Winter
18,2,2,Winter
18,3,4,Winter
18,4,3,Winter
18,5,3,Winter
18,6,3,Winter
18,7,3,Winter
18,8,3,Winter
18,8,2,Winter
18,9,3,Winter
18,10,3,Winter
18,11,3,Winter
18,11,2,Winter
18,12,3,Winter
18,12,2,Winter
18,13,2,Winter
18,14,2,Winter
18,14,2,Winter
18,15,2,Winter
18,15,2,Winter
18,15,2,Winter
18,16,2,Winter
18,17,2,Winter
18,17,2,Winter
18,17,2,Winter
18,18,2,Winter
18,19,2,Winter
18,20,3,Winter
18,20,2,Winter
18,20,2,Winter
18,21,3,Winter
18,21,2,Winter
18,21,2,Winter
18,21,2,Winter
18,22,3,Winter
18,22,2,Winter
18,22,2,Winter
18,22,2,Winter
18,22,2,Winter
18,22,2,Winter
18,22,2,Winter
18,23,2,Winter
18,23,2,Winter
18,23,2,Winter
18,23,2,Winter
18,23,2,Winter
18,23,2,Winter
18,24,2,Winter
18,24,2,Winter
18,24,2,Winter
18,24,3,Winter
18,24,2,Winter
18,25,2,Winter
18,25,2,Winter
18,25,4,Winter
18,25,4,Winter
18,26,2,Winter
18,26,5,Winter
18,26,6,Winter
18,26,2,Winter
18,27,3,Winter
18,27,2,Winter
18,27,3,Winter
18,27,4,Winter
18,27,2,Winter
18,28,3,Winter
18,28,2,Winter
18,28,3,Winter
18,28,2,Winter
18,29,2,Winter
18,29,2,Winter
18,29,2,Winter
18,29,2,Winter
18,30,2,Winter
18,30,2,Winter
18,31,2,Winter
18,31,2,Winter
18,32,2,Winter
18,32,2,Winter
18,32,3,Winter
18,33,2,Winter
18,33,2,Winter
18,33,2,Winter
18,34,2,Winter
18,34,2,Winter
18,34,2,Winter
18,35,3,Winter
18,35,4,Winter
18,36,2,Winter
18,36,3,Winter
18,37,2,Winter
18,37,2,Winter
18,37,3,Winter
18,37,3,Winter
18,38,2,Winter
18,38,2,Winter
18,38,3,Winter
18,39,2,Winter
18,39,4,Winter
18,40,4,Winter
18,41,2,Winter
18,41,4,Winter
18,42,3,Winter
18,43,4,Winter
18,43,2,Winter
18,44,4,Winter
18,44,2,Winter
18,44,2,Winter
18,45,3,Winter
18,46,3,Winter
19,2,2,Winter
19,2,3,Winter
19,2,2,Winter
19,2,2,Winter
19,2,2,Winter
19,3,4,Winter
19,3,2,Winter
19,3,2,Winter
19,4,3,Winter
19,4,2,Winter
19,4,2,Winter
19,4,2,Winter
19,5,3,Winter
19,5,2,Winter
19,6,2,Winter
19,6,3,Winter
19,6,2,Winter
19,6,2,Winter
19,7,2,Winter
19,7,3,Winter
19,7,2,Winter
19,8,2,Winter
19,8,3,Winter
19,8,2,Winter
19,8,2,Winter
19,9,2,Winter
19,9,3,Winter
19,9,4,Winter
19,10,2,Winter
19,10,3,Winter
19,10,2,Winter
19,10,3,Winter
19,11,2,Winter
19,11,3,Winter
19,11,2,Winter
19,11,3,Winter
19,12,2,Winter
19,12,2,Winter
19,12,2,Winter
19,12,2,Winter
19,12,3,Winter
19,12,2,Winter
19,13,2,Winter
19,13,2,Winter
19,13,2,Winter
19,13,2,Winter
19,13,2,Winter
19,13,3,Winter
19,14,2,Winter
19,14,2,Winter
19,14,3,Winter
19,15,2,Winter
19,15,3,Winter
19,16,2,Winter
19,16,2,Winter
19,16,4,Winter
19,17,2,Winter
19,17,2,Winter
19,18,2,Winter
19,18,2,Winter
19,19,2,Winter
19,20,2,Winter
19,20,2,Winter
19,21,2,Winter
19,21,2,Winter
19,21,2,Winter
19,22,2,Winter
19,22,2,Winter
19,22,2,Winter
19,23,2,Winter
19,23,2,Winter
19,23,2,Winter
19,23,2,Winter
19,24,3,Winter
19,24,3,Winter
19,24,2,Winter
19,24,2,Winter
19,24,2,Winter
19,24,2,Winter
19,24,2,Winter
19,24,2,Winter
19,25,3,Winter
19,25,3,Winter
19,25,2,Winter
19,25,2,Winter
19,25,3,Winter
19,25,3,Winter
19,25,2,Winter
19,26,2,Winter
19,26,3,Winter
19,26,2,Winter
19,26,2,Winter
19,26,3,Winter
19,26,3,Winter
19,27,2,Winter
19,27,3,Winter
19,27,2,Winter
19,27,2,Winter
19,27,2,Winter
19,27,2,Winter
19,27,3,Winter
19,27,2,Winter
19,28,2,Winter
19,28,3,Winter
19,28,2,Winter
19,28,3,Winter
19,28,2,Winter
19,28,2,Winter
19,28,3,Winter
19,29,2,Winter
19,29,3,Winter
19,29,2,Winter
19,29,3,Winter
19,29,2,Winter
19,30,3,Winter
19,30,2,Winter
19,30,2,Winter
19,31,2,Winter
19,31,2,Winter
19,31,2,Winter
19,31,2,Winter
19,32,2,Winter
19,32,2,Winter
19,32,2,Winter
19,32,2,Winter
19,32,2,Winter
19,32,2,Winter
19,33,2,Winter
19,33,2,Winter
19,33,2,Winter
19,33,2,Winter
19,33,2,Winter
19,33,2,Winter
19,34,2,Winter
19,34,2,Winter
19,35,3,Winter
19,35,2,Winter
19,35,2,Winter
19,35,2,Winter
19,36,2,Winter
19,36,2,Winter
19,36,4,Winter
19,37,2,Winter
19,37,2,Winter
19,37,2,Winter
19,37,2,Winter
19,37,3,Winter
19,38,2,Winter
19,38,2,Winter
19,39,2,Winter
19,39,2,Winter
19,40,3,Winter
19,40,2,Winter
19,41,3,Winter
19,42,3,Winter
19,42,2,Winter
19,43,3,Winter
19,44,2,Winter
19,44,2,Winter
20,2,3,Winter
20,2,2,Winter
20,2,3,Winter
20,2,2,Winter
20,2,2,Winter
20,2,2,Winter
20,3,3,Winter
20,3,2,Winter
20,3,2,Winter
20,3,2,Winter
20,3,2,Winter
20,3,2,Winter
20,3,2,Winter
20,4,4,Winter
20,4,2,Winter
20,4,2,Winter
20,4,3,Winter
20,4,2,Winter
20,4,2,Winter
20,5,3,Winter
20,5,2,Winter
20,5,2,Winter
20,5,3,Winter
20,5,2,Winter
20,6,2,Winter
20,6,3,Winter
20,6,2,Winter
20,6,3,Winter
20,6,4,Winter
20,6,3,Winter
20,6,2,Winter
20,7,2,Winter
20,7,3,Winter
20,7,2,Winter
20,7,3,Winter
20,7,2,Winter
20,7,3,Winter
20,7,2,Winter
20,8,2,Winter
20,8,3,Winter
20,8,2,Winter
20,8,3,Winter
20,8,2,Winter
20,9,2,Winter
20,9,3,Winter
20,9,2,Winter
20,9,2,Winter
20,9,4,Winter
20,9,2,Winter
20,10,2,Winter
20,10,3,Winter
20,10,2,Winter
20,10,4,Winter
20,10,2,Winter
20,11,2,Winter
20,11,3,Winter
20,11,2,Winter
20,11,2,Winter
20,12,2,Winter
20,12,2,Winter
20,12,2,Winter
20,12,2,Winter
20,12,2,Winter
20,13,2,Winter
20,13,2,Winter
20,13,2,Winter
20,13,3,Winter
20,14,2,Winter
20,14,2,Winter
20,14,2,Winter
20,14,2,Winter
20,14,2,Winter
20,15,2,Winter
20,15,2,Winter
20,15,2,Winter
20,15,4,Winter
20,16,2,Winter
20,16,2,Winter
20,16,2,Winter
20,16,2,Winter
20,16,2,Winter
20,17,2,Winter
20,17,2,Winter
20,17,2,Winter
20,17,2,Winter
20,18,2,Winter
20,18,2,Winter
20,18,2,Winter
20,18,2,Winter
20,19,2,Winter
20,19,2,Winter
20,19,2,Winter
20,19,2,Winter
20,19,4,Winter
20,20,2,Winter
20,20,2,Winter
20,20,2,Winter
20,20,4,Winter
20,21,2,Winter
20,21,3,Winter
20,21,2,Winter
20,22,2,Winter
20,22,4,Winter
20,22,2,Winter
20,22,2,Winter
20,22,2,Winter
20,23,4,Winter
20,23,4,Winter
20,23,2,Winter
20,23,2,Winter
20,23,3,Winter
20,24,2,Winter
20,24,4,Winter
20,24,3,Winter
20,24,2,Winter
20,24,3,Winter
20,25,3,Winter
20,25,3,Winter
20,25,2,Winter
20,25,3,Winter
20,25,2,Winter
20,25,3,Winter
20,26,3,Winter
20,26,3,Winter
20,26,5,Winter
20,26,2,Winter
20,26,3,Winter
20,27,3,Winter
20,27,3,Winter
20,27,5,Winter
20,27,2,Winter
20,28,2,Winter
20,28,3,Winter
20,28,2,Winter
20,28,6,Winter
20,28,2,Winter
20,28,4,Winter
20,28,2,Winter
20,29,2,Winter
20,29,2,Winter
20,29,2,Winter
20,29,2,Winter
20,29,3,Winter
20,29,2,Winter
20,30,2,Winter
20,30,2,Winter
20,30,2,Winter
20,30,2,Winter
20,30,3,Winter
20,31,2,Winter
20,31,2,Winter
20,31,2,Winter
20,31,2,Winter
20,32,2,Winter
20,32,2,Winter
20,32,2,Winter
20,32,2,Winter
20,33,2,Winter
20,33,2,Winter
20,33,2,Winter
20,34,2,Winter
20,34,2,Winter
20,34,2,Winter
20,35,4,Winter
20,35,2,Winter
20,35,2,Winter
20,35,2,Winter
20,36,2,Winter
20,36,3,Winter
20,36,2,Winter
20,36,2,Winter
20,36,2,Winter
20,37,3,Winter
20,37,2,Winter
20,37,2,Winter
20,38,3,Winter
20,38,3,Winter
20,38,2,Winter
20,39,3,Winter
20,40,2,Winter
20,40,2,Winter
20,41,2,Winter
20,42,2,Winter
20,43,2,Winter
21,2,2,Winter
21,2,3,Winter
21,2,3,Winter
21,2,4,Winter
21,2,2,Winter
21,2,2,Winter
21,2,2,Winter
21,2,2,Winter
21,2,2,Winter
21,3,3,Winter
21,3,3,Winter
21,3,3,Winter
21,3,2,Winter
21,3,2,Winter
21,3,2,Winter
21,3,2,Winter
21,4,3,Winter
21,4,3,Winter
21,4,2,Winter
21,4,3,Winter
21,4,2,Winter
21,4,2,Winter
21,4,2,Winter
21,5,2,Winter
21,5,2,Winter
21,5,3,Winter
21,5,2,Winter
21,5,2,Winter
21,6,3,Winter
21,6,2,Winter
21,6,3,Winter
21,6,2,Winter
21,6,2,Winter
21,6,2,Winter
21,7,3,Winter
21,7,2,Winter
21,7,2,Winter
21,7,3,Winter
21,7,3,Winter
21,7,2,Winter
21,7,2,Winter
21,7,2,Winter
21,8,2,Winter
21,8,3,Winter
21,8,2,Winter
21,8,2,Winter
21,8,2,Winter
21,8,2,Winter
21,8,2,Winter
21,9,2,Winter
21,9,3,Winter
21,9,2,Winter
21,9,2,Winter
21,9,2,Winter
21,9,2,Winter
21,9,2,Winter
21,10,2,Winter
21,10,3,Winter
21,10,2,Winter
21,10,2,Winter
21,10,2,Winter
21,11,2,Winter
21,11,2,Winter
21,11,2,Winter
21,12,2,Winter
21,13,2,Winter
21,13,2,Winter
21,14,2,Winter
21,15,2,Winter
21,15,2,Winter
21,15,2,Winter
21,15,2,Winter
21,15,2,Winter
21,16,2,Winter
21,16,2,Winter
21,16,2,Winter
21,16,2,Winter
21,17,2,Winter
21,17,2,Winter
21,17,2,Winter
21,17,2,Winter
21,18,2,Winter
21,18,2,Winter
21,19,2,Winter
21,19,3,Winter
21,19,3,Winter
21,19,2,Winter
21,19,2,Winter
21,20,2,Winter
21,20,3,Winter
21,20,2,Winter
21,20,2,Winter
21,20,2,Winter
21,21,2,Winter
21,21,4,Winter
21,21,2,Winter
21,21,2,Winter
21,21,2,Winter
21,22,4,Winter
21,22,4,Winter
21,22,2,Winter
21,22,2,Winter
21,23,2,Winter
21,23,4,Winter
21,23,4,Winter
21,23,3,Winter
21,23,2,Winter
21,23,3,Winter
21,24,2,Winter
21,24,2,Winter
21,24,3,Winter
21,24,4,Winter
21,24,2,Winter
21,24,2,Winter
21,24,3,Winter
21,25,2,Winter
21,25,2,Winter
21,25,4,Winter
21,25,2,Winter
21,25,2,Winter
21,25,3,Winter
21,26,3,Winter
21,26,2,Winter
21,26,4,Winter
21,26,2,Winter
21,26,2,Winter
21,26,2,Winter
21,26,3,Winter
21,27,3,Winter
21,27,2,Winter
21,27,4,Winter
21,27,2,Winter
21,27,2,Winter
21,27,3,Winter
21,28,2,Winter
21,28,3,Winter
21,29,2,Winter
21,30,2,Winter
21,30,3,Winter
21,31,2,Winter
21,31,4,Winter
21,32,2,Winter
21,32,2,Winter
21,32,2,Winter
21,32,3,Winter
21,33,2,Winter
21,33,3,Winter
21,34,2,Winter
21,34,2,Winter
21,34,3,Winter
21,35,2,Winter
21,35,2,Winter
21,35,3,Winter
21,35,3,Winter
21,36,2,Winter
21,36,2,Winter
21,36,2,Winter
21,36,2,Winter
21,37,3,Winter
21,37,2,Winter
21,37,3,Winter
21,37,3,Winter
21,37,2,Winter
21,37,2,Winter
21,37,2,Winter
21,38,3,Winter
21,38,2,Winter
21,38,2,Winter
21,38,3,Winter
21,38,2,Winter
21,38,2,Winter
21,38,2,Winter
21,39,2,Winter
21,39,3,Winter
21,39,2,Winter
21,39,3,Winter
21,39,2,Winter
21,40,2,Winter
21,40,2,Winter
21,40,2,Winter
21,41,2,Winter
21,41,2,Winter
21,42,2,Winter
21,42,2,Winter
21,43,2,Winter
21,43,2,Winter
22,2,2,Winter
22,2,2,Winter
22,2,3,Winter
22,2,2,Winter
22,2,4,Winter
22,2,2,Winter
22,2,2,Winter
22,2,2,Winter
22,2,2,Winter
22,2,2,Winter
22,3,2,Winter
22,3,3,Winter
22,3,3,Winter
22,3,2,Winter
22,3,2,Winter
22,3,2,Winter
22,3,2,Winter
22,3,2,Winter
22,3,2,Winter
22,3,2,Winter
22,4,3,Winter
22,4,3,Winter
22,4,2,Winter
22,4,2,Winter
22,4,2,Winter
22,4,2,Winter
22,4,2,Winter
22,4,3,Winter
22,5,2,Winter
22,5,2,Winter
22,5,3,Winter
22,5,2,Winter
22,5,3,Winter
22,5,2,Winter
22,5,3,Winter
22,6,2,Winter
22,6,2,Winter
22,6,2,Winter
22,6,3,Winter
22,6,2,Winter
22,6,2,Winter
22,6,2,Winter
22,6,2,Winter
22,7,2,Winter
22,7,3,Winter
22,7,2,Winter
22,7,3,Winter
22,7,2,Winter
22,7,2,Winter
22,7,2,Winter
22,7,2,Winter
22,8,2,Winter
22,8,3,Winter
22,8,2,Winter
22,8,2,Winter
22,8,3,Winter
22,8,2,Winter
22,8,2,Winter
22,9,2,Winter
22,9,2,Winter
22,9,2,Winter
22,9,3,Winter
22,9,3,Winter
22,10,2,Winter
22,11,2,Winter
22,11,2,Winter
22,11,2,Winter
22,12,2,Winter
22,13,2,Winter
22,13,2,Winter
22,13,2,Winter
22,13,2,Winter
22,14,2,Winter
22,15,2,Winter
22,15,2,Winter
22,15,2,Winter
22,16,2,Winter
22,16,2,Winter
22,16,2,Winter
22,17,2,Winter
22,17,2,Winter
22,17,2,Winter
22,18,2,Winter
22,18,2,Winter
22,18,2,Winter
22,19,2,Winter
22,19,3,Winter
22,19,2,Winter
22,20,2,Winter
22,20,3,Winter
22,20,2,Winter
22,20,2,Winter
22,20,2,Winter
22,21,2,Winter
22,21,2,Winter
22,21,4,Winter
22,21,2,Winter
22,21,2,Winter
22,21,2,Winter
22,22,3,Winter
22,22,4,Winter
22,22,2,Winter
22,22,2,Winter
22,23,2,Winter
22,23,3,Winter
22,23,4,Winter
22,23,5,Winter
22,23,2,Winter
22,23,2,Winter
22,24,2,Winter
22,24,3,Winter
22,24,6,Winter
22,24,2,Winter
22,24,2,Winter
22,24,3,Winter
22,24,2,Winter
22,25,3,Winter
22,25,3,Winter
22,25,5,Winter
22,25,2,Winter
22,25,2,Winter
22,25,2,Winter
22,25,2,Winter
22,26,2,Winter
22,26,3,Winter
22,26,2,Winter
22,26,5,Winter
22,26,2,Winter
22,26,2,Winter
22,26,2,Winter
22,26,2,Winter
22,26,3,Winter
22,27,2,Winter
22,27,3,Winter
22,27,2,Winter
22,27,2,Winter
22,27,2,Winter
22,27,2,Winter
22,27,2,Winter
22,28,3,Winter
22,28,2,Winter
22,28,2,Winter
22,28,2,Winter
22,28,2,Winter
22,29,2,Winter
22,29,3,Winter
22,29,2,Winter
22,30,2,Winter
22,30,3,Winter
22,30,2,Winter
22,30,2,Winter
22,30,2,Winter
22,31,2,Winter
22,31,2,Winter
22,31,2,Winter
22,31,2,Winter
22,32,3,Winter
22,32,3,Winter
22,32,2,Winter
22,33,2,Winter
22,33,2,Winter
22,33,2,Winter
22,34,2,Winter
22,34,2,Winter
22,34,2,Winter
22,34,3,Winter
22,34,2,Winter
22,35,2,Winter
22,35,2,Winter
22,35,3,Winter
22,35,2,Winter
22,36,4,Winter
22,36,2,Winter
22,36,3,Winter
22,36,2,Winter
22,37,4,Winter
22,37,3,Winter
22,37,2,Winter
22,37,2,Winter
22,37,2,Winter
22,37,2,Winter
22,37,3,Winter
22,38,4,Winter
22,38,2,Winter
22,38,2,Winter
22,38,2,Winter
22,38,2,Winter
22,38,3,Winter
22,39,2,Winter
22,39,2,Winter
22,39,2,Winter
22,40,2,Winter
22,40,2,Winter
22,40,2,Winter
22,41,2,Winter
22,41,2,Winter
22,41,3,Winter
22,42,2,Winter
22,42,2,Winter
22,42,2,Winter
22,42,3,Winter
22,43,2,Winter
22,43,2,Winter
22,44,2,Winter
22,45,2,Winter
23,2,4,Winter
23,2,5,Winter
23,2,3,Winter
23,2,2,Winter
23,2,2,Winter
23,2,2,Winter
23,2,2,Winter
23,2,2,Winter
23,2,3,Winter
23,2,2,Winter
23,3,3,Winter
23,3,7,Winter
23,3,3,Winter
23,3,2,Winter
23,3,2,Winter
23,3,2,Winter
23,3,2,Winter
23,3,2,Winter
23,4,3,Winter
23,4,6,Winter
23,4,3,Winter
23,4,2,Winter
23,4,2,Winter
23,4,2,Winter
23,4,2,Winter
23,4,2,Winter
23,4,2,Winter
23,4,2,Winter
23,5,4,Winter
23,5,6,Winter
23,5,2,Winter
23,5,2,Winter
23,5,2,Winter
23,5,2,Winter
23,5,2,Winter
23,5,7,Winter
23,5,2,Winter
23,6,6,Winter
23,6,3,Winter
23,6,2,Winter
23,6,2,Winter
23,6,2,Winter
23,6,3,Winter
23,7,2,Winter
23,7,3,Winter
23,7,2,Winter
23,7,3,Winter
23,7,2,Winter
23,7,2,Winter
23,7,3,Winter
23,8,3,Winter
23,8,3,Winter
23,8,2,Winter
23,9,3,Winter
23,9,2,Winter
23,9,3,Winter
23,9,2,Winter
23,10,2,Winter
23,10,2,Winter
23,10,3,Winter
23,10,2,Winter
23,10,2,Winter
23,11,2,Winter
23,11,2,Winter
23,11,2,Winter
23,11,2,Winter
23,11,2,Winter
23,12,2,Winter
23,12,2,Winter
23,13,2,Winter
23,13,2,Winter
23,13,2,Winter
23,14,2,Winter
23,15,2,Winter
23,15,2,Winter
23,15,2,Winter
23,15,2,Winter
23,15,2,Winter
23,16,2,Winter
23,16,2,Winter
23,16,2,Winter
23,16,2,Winter
23,16,2,Winter
23,16,2,Winter
23,17,2,Winter
23,17,2,Winter
23,17,2,Winter
23,17,2,Winter
23,17,2,Winter
23,18,2,Winter
23,18,2,Winter
23,19,2,Winter
23,19,2,Winter
23,19,3,Winter
23,19,2,Winter
23,19,3,Winter
23,19,2,Winter
23,19,2,Winter
23,20,2,Winter
23,20,2,Winter
23,20,2,Winter
23,20,3,Winter
23,20,2,Winter
23,20,3,Winter
23,20,2,Winter
23,20,2,Winter
23,21,2,Winter
23,21,3,Winter
23,21,2,Winter
23,21,3,Winter
23,21,2,Winter
23,21,3,Winter
23,21,2,Winter
23,21,2,Winter
23,22,2,Winter
23,22,2,Winter
23,22,4,Winter
23,22,4,Winter
23,22,2,Winter
23,22,2,Winter
23,22,2,Winter
23,22,3,Winter
23,22,2,Winter
23,22,2,Winter
23,22,2,Winter
23,23,2,Winter
23,23,4,Winter
23,23,2,Winter
23,23,3,Winter
23,23,2,Winter
23,23,2,Winter
23,23,2,Winter
23,23,2,Winter
23,23,2,Winter
23,24,2,Winter
23,24,2,Winter
23,24,6,Winter
23,24,2,Winter
23,24,2,Winter
23,24,2,Winter
23,24,2,Winter
23,24,3,Winter
23,25,2,Winter
23,25,3,Winter
23,25,2,Winter
23,25,2,Winter
23,25,2,Winter
23,25,2,Winter
23,25,2,Winter
23,25,2,Winter
23,25,2,Winter
23,26,2,Winter
23,26,3,Winter
23,26,2,Winter
23,26,2,Winter
23,26,2,Winter
23,26,2,Winter
23,26,2,Winter
23,26,2,Winter
23,26,2,Winter
23,27,2,Winter
23,27,3,Winter
23,27,2,Winter
23,27,2,Winter
23,27,2,Winter
23,27,2,Winter
23,28,2,Winter
23,28,3,Winter
23,28,2,Winter
23,28,2,Winter
23,29,2,Winter
23,29,3,Winter
23,29,2,Winter
23,29,2,Winter
23,29,2,Winter
23,30,5,Winter
23,30,2,Winter
23,30,3,Winter
23,31,5,Winter
23,31,2,Winter
23,31,2,Winter
23,31,2,Winter
23,32,3,Winter
23,32,2,Winter
23,32,2,Winter
23,32,3,Winter
23,33,3,Winter
23,33,2,Winter
23,33,2,Winter
23,33,2,Winter
23,34,2,Winter
23,34,2,Winter
23,34,2,Winter
23,34,3,Winter
23,34,2,Winter
23,35,2,Winter
23,35,2,Winter
23,35,2,Winter
23,35,3,Winter
23,35,2,Winter
23,36,2,Winter
23,36,2,Winter
23,36,2,Winter
23,36,2,Winter
23,36,3,Winter
23,36,2,Winter
23,37,2,Winter
23,37,2,Winter
23,37,2,Winter
23,37,3,Winter
23,37,3,Winter
23,37,2,Winter
23,38,2,Winter
23,38,3,Winter
23,38,2,Winter
23,39,7,Winter
23,39,2,Winter
23,40,3,Winter
23,40,3,Winter
23,41,2,Winter
23,41,2,Winter
23,42,2,Winter
23,42,2,Winter
23,42,3,Winter
24,2,4,Winter
24,2,5,Winter
24,2,2,Winter
24,2,3,Winter
24,2,2,Winter
24,2,2,Winter
24,2,2,Winter
24,2,6,Winter
24,2,5,Winter
24,2,2,Winter
24,3,4,Winter
24,3,5,Winter
24,3,2,Winter
24,3,3,Winter
24,3,2,Winter
24,3,2,Winter
24,3,2,Winter
24,3,6,Winter
24,3,3,Winter
24,3,2,Winter
24,4,4,Winter
24,4,6,Winter
24,4,3,Winter
24,4,2,Winter
24,4,2,Winter
24,4,2,Winter
24,4,4,Winter
24,4,2,Winter
24,4,3,Winter
24,4,2,Winter
24,5,8,Winter
24,5,2,Winter
24,5,2,Winter
24,5,4,Winter
24,5,2,Winter
24,5,2,Winter
24,5,2,Winter
24,6,8,Winter
24,6,3,Winter
24,6,2,Winter
24,6,2,Winter
24,6,2,Winter
24,6,2,Winter
24,6,2,Winter
24,7,2,Winter
24,7,2,Winter
24,7,2,Winter
24,7,6,Winter
24,7,3,Winter
24,7,2,Winter
24,7,2,Winter
24,7,2,Winter
24,7,2,Winter
24,7,3,Winter
24,7,2,Winter
24,8,2,Winter
24,8,3,Winter
24,8,2,Winter
24,8,3,Winter
24,8,2,Winter
24,8,2,Winter
24,9,3,Winter
24,9,3,Winter
24,9,2,Winter
24,10,2,Winter
24,10,3,Winter
24,10,2,Winter
24,10,2,Winter
24,10,2,Winter
24,10,2,Winter
24,10,2,Winter
24,10,3,Winter
24,11,2,Winter
24,11,3,Winter
24,11,2,Winter
24,11,2,Winter
24,11,2,Winter
24,11,3,Winter
24,12,3,Winter
24,12,2,Winter
24,12,2,Winter
24,12,2,Winter
24,12,3,Winter
24,12,3,Winter
24,13,2,Winter
24,13,2,Winter
24,13,2,Winter
24,13,3,Winter
24,13,2,Winter
24,13,2,Winter
24,14,2,Winter
24,14,2,Winter
24,14,2,Winter
24,14,4,Winter
24,15,2,Winter
24,15,3,Winter
24,15,3,Winter
24,15,2,Winter
24,15,4,Winter
24,16,2,Winter
24,16,3,Winter
24,16,2,Winter
24,16,2,Winter
24,16,2,Winter
24,17,2,Winter
24,17,2,Winter
24,17,3,Winter
24,17,3,Winter
24,17,3,Winter
24,17,3,Winter
24,17,2,Winter
24,17,2,Winter
24,17,2,Winter
24,18,2,Winter
24,18,2,Winter
24,18,3,Winter
24,18,3,Winter
24,18,2,Winter
24,18,3,Winter
24,18,2,Winter
24,18,7,Winter
24,19,2,Winter
24,19,2,Winter
24,19,3,Winter
24,19,2,Winter
24,19,2,Winter
24,19,3,Winter
24,19,2,Winter
24,19,2,Winter
24,20,2,Winter
24,20,2,Winter
24,20,3,Winter
24,20,2,Winter
24,20,2,Winter
24,20,2,Winter
24,20,3,Winter
24,20,2,Winter
24,20,2,Winter
24,21,2,Winter
24,21,3,Winter
24,21,3,Winter
24,21,2,Winter
24,21,2,Winter
24,21,2,Winter
24,21,3,Winter
24,21,2,Winter
24,21,3,Winter
24,22,6,Winter
24,22,3,Winter
24,22,2,Winter
24,22,2,Winter
24,22,2,Winter
24,22,2,Winter
24,22,2,Winter
24,22,3,Winter
24,23,2,Winter
24,23,2,Winter
24,23,4,Winter
24,23,2,Winter
24,23,2,Winter
24,23,2,Winter
24,23,2,Winter
24,23,3,Winter
24,24,2,Winter
24,24,2,Winter
24,24,3,Winter
24,24,2,Winter
24,24,2,Winter
24,24,2,Winter
24,24,2,Winter
24,24,3,Winter
24,25,2,Winter
24,25,4,Winter
24,25,2,Winter
24,25,2,Winter
24,25,2,Winter
24,25,2,Winter
24,25,2,Winter
24,26,2,Winter
24,26,4,Winter
24,26,2,Winter
24,26,2,Winter
24,26,2,Winter
24,26,2,Winter
24,26,3,Winter
24,26,2,Winter
24,26,2,Winter
24,27,2,Winter
24,27,3,Winter
24,27,2,Winter
24,27,2,Winter
24,27,2,Winter
24,27,2,Winter
24,27,3,Winter
24,28,2,Winter
24,28,3,Winter
24,28,2,Winter
24,29,2,Winter
24,29,3,Winter
24,29,2,Winter
24,29,2,Winter
24,29,2,Winter
24,30,5,Winter
24,30,3,Winter
24,30,3,Winter
24,30,4,Winter
24,30,2,Winter
24,31,4,Winter
24,31,3,Winter
24,31,3,Winter
24,31,4,Winter
24,31,2,Winter
24,31,2,Winter
24,32,3,Winter
24,32,3,Winter
24,32,2,Winter
24,32,2,Winter
24,32,3,Winter
24,33,3,Winter
24,33,3,Winter
24,33,2,Winter
24,33,2,Winter
24,33,2,Winter
24,34,2,Winter
24,34,2,Winter
24,34,2,Winter
24,34,2,Winter
24,34,2,Winter
24,34,2,Winter
24,34,2,Winter
24,34,3,Winter
24,35,2,Winter
24,35,2,Winter
24,35,2,Winter
24,35,2,Winter
24,35,2,Winter
24,35,2,Winter
24,36,2,Winter
24,36,2,Winter
24,36,2,Winter
24,36,2,Winter
24,36,2,Winter
24,36,3,Winter
24,37,2,Winter
24,37,2,Winter
24,37,2,Winter
24,37,2,Winter
24,37,2,Winter
24,37,4,Winter
24,38,2,Winter
24,38,3,Winter
24,38,2,Winter
24,38,2,Winter
24,38,2,Winter
24,38,2,Winter
24,38,2,Winter
24,38,2,Winter
24,39,2,Winter
24,39,2,Winter
24,39,3,Winter
24,40,2,Winter
24,41,2,Winter
24,42,2,Winter
24,42,2,Winter
24,43,2,Winter
24,45,2,Winter
24,46,2,Winter
25,2,2,Winter
25,2,4,Winter
25,2,5,Winter
25,2,2,Winter
25,2,3,Winter
25,2,2,Winter
25,2,2,Winter
25,2,4,Winter
25,2,2,Winter
25,2,3,Winter
25,2,2,Winter
25,2,4,Winter
25,2,2,Winter
25,3,2,Winter
25,3,4,Winter
25,3,5,Winter
25,3,2,Winter
25,3,3,Winter
25,3,2,Winter
25,3,2,Winter
25,3,2,Winter
25,3,3,Winter
25,3,2,Winter
25,3,3,Winter
25,3,2,Winter
25,3,4,Winter
25,3,2,Winter
25,4,2,Winter
25,4,2,Winter
25,4,8,Winter
25,4,2,Winter
25,4,2,Winter
25,4,2,Winter
25,4,2,Winter
25,4,2,Winter
25,4,2,Winter
25,4,4,Winter
25,4,5,Winter
25,4,2,Winter
25,5,2,Winter
25,5,2,Winter
25,5,2,Winter
25,5,8,Winter
25,5,2,Winter
25,5,2,Winter
25,5,2,Winter
25,5,2,Winter
25,5,2,Winter
25,5,4,Winter
25,5,5,Winter
25,5,2,Winter
25,6,2,Winter
25,6,2,Winter
25,6,8,Winter
25,6,2,Winter
25,6,2,Winter
25,6,2,Winter
25,6,2,Winter
25,6,2,Winter
25,6,2,Winter
25,6,5,Winter
25,6,2,Winter
25,7,2,Winter
25,7,2,Winter
25,7,5,Winter
25,7,2,Winter
25,7,3,Winter
25,7,2,Winter
25,7,2,Winter
25,7,2,Winter
25,7,5,Winter
25,7,2,Winter
25,8,2,Winter
25,8,2,Winter
25,8,5,Winter
25,8,3,Winter
25,8,2,Winter
25,8,2,Winter
25,8,3,Winter
25,8,2,Winter
25,9,3,Winter
25,9,2,Winter
25,9,5,Winter
25,9,3,Winter
25,9,2,Winter
25,9,3,Winter
25,9,2,Winter
25,10,2,Winter
25,10,3,Winter
25,10,3,Winter
25,10,3,Winter
25,10,2,Winter
25,10,2,Winter
25,10,3,Winter
25,10,2,Winter
25,11,2,Winter
25,11,3,Winter
25,11,2,Winter
25,11,2,Winter
25,11,3,Winter
25,11,3,Winter
25,11,2,Winter
25,11,2,Winter
25,11,5,Winter
25,11,2,Winter
25,12,2,Winter
25,12,3,Winter
25,12,2,Winter
25,12,2,Winter
25,12,3,Winter
25,12,3,Winter
25,12,5,Winter
25,12,2,Winter
25,13,3,Winter
25,13,5,Winter
25,13,3,Winter
25,13,2,Winter
25,13,2,Winter
25,13,2,Winter
25,13,8,Winter
25,14,3,Winter
25,14,3,Winter
25,14,3,Winter
25,14,2,Winter
25,14,2,Winter
25,14,7,Winter
25,15,3,Winter
25,15,3,Winter
25,15,3,Winter
25,15,2,Winter
25,15,2,Winter
25,15,4,Winter
25,15,3,Winter
25,16,3,Winter
25,16,3,Winter
25,16,3,Winter
25,16,2,Winter
25,16,4,Winter
25,16,3,Winter
25,17,2,Winter
25,17,3,Winter
25,17,2,Winter
25,17,2,Winter
25,17,2,Winter
25,17,2,Winter
25,17,8,Winter
25,18,3,Winter
25,18,3,Winter
25,18,2,Winter
25,18,2,Winter
25,18,2,Winter
25,18,8,Winter
25,19,3,Winter
25,19,3,Winter
25,19,2,Winter
25,19,2,Winter
25,19,2,Winter
25,19,3,Winter
25,19,2,Winter
25,19,3,Winter
25,20,3,Winter
25,20,3,Winter
25,20,2,Winter
25,20,2,Winter
25,20,3,Winter
25,20,2,Winter
25,20,3,Winter
25,21,5,Winter
25,21,3,Winter
25,21,2,Winter
25,21,2,Winter
25,21,3,Winter
25,21,2,Winter
25,21,3,Winter
25,22,4,Winter
25,22,3,Winter
25,22,2,Winter
25,22,2,Winter
25,22,2,Winter
25,22,2,Winter
25,22,2,Winter
25,22,3,Winter
25,23,2,Winter
25,23,3,Winter
25,23,3,Winter
25,23,2,Winter
25,23,2,Winter
25,23,2,Winter
25,23,2,Winter
25,24,3,Winter
25,24,2,Winter
25,24,3,Winter
25,24,2,Winter
25,24,2,Winter
25,24,2,Winter
25,24,2,Winter
25,25,2,Winter
25,25,5,Winter
25,25,2,Winter
25,25,3,Winter
25,25,2,Winter
25,25,2,Winter
25,25,2,Winter
25,25,2,Winter
25,25,2,Winter
25,26,4,Winter
25,26,2,Winter
25,26,2,Winter
25,26,2,Winter
25,26,2,Winter
25,26,3,Winter
25,26,2,Winter
25,27,2,Winter
25,27,3,Winter
25,27,2,Winter
25,27,2,Winter
25,27,2,Winter
25,27,2,Winter
25,27,2,Winter
25,28,2,Winter
25,28,2,Winter
25,28,2,Winter
25,28,2,Winter
25,28,2,Winter
25,28,2,Winter
25,28,2,Winter
25,29,2,Winter
25,29,3,Winter
25,29,2,Winter
25,29,2,Winter
25,30,4,Winter
25,30,3,Winter
25,30,2,Winter
25,30,2,Winter
25,30,2,Winter
25,31,4,Winter
25,31,3,Winter
25,31,3,Winter
25,31,2,Winter
25,31,2,Winter
25,31,2,Winter
25,32,3,Winter
25,32,3,Winter
25,32,2,Winter
25,32,3,Winter
25,32,3,Winter
25,32,2,Winter
25,32,2,Winter
25,33,3,Winter
25,33,3,Winter
25,33,2,Winter
25,33,3,Winter
25,33,3,Winter
25,34,2,Winter
25,34,4,Winter
25,34,2,Winter
25,34,2,Winter
25,34,2,Winter
25,35,2,Winter
25,35,4,Winter
25,35,2,Winter
25,35,2,Winter
25,35,2,Winter
25,36,4,Winter
25,36,2,Winter
25,36,2,Winter
25,36,2,Winter
25,36,2,Winter
25,37,5,Winter
25,37,2,Winter
25,37,2,Winter
25,37,2,Winter
25,37,2,Winter
25,38,3,Winter
25,38,2,Winter
25,38,2,Winter
25,38,2,Winter
25,38,2,Winter
25,39,2,Winter
25,39,2,Winter
25,39,2,Winter
25,39,2,Winter
25,40,3,Winter
25,40,2,Winter
25,40,2,Winter
25,41,3,Winter
25,41,2,Winter
25,42,2,Winter
25,42,2,Winter
25,43,2,Winter
26,2,2,Winter
26,2,3,Winter
26,2,2,Winter
26,2,2,Winter
26,2,2,Winter
26,2,3,Winter
26,2,4,Winter
26,2,4,Winter
26,2,2,Winter
26,2,7,Winter
26,2,4,Winter
26,2,4,Winter
26,3,2,Winter
26,3,3,Winter
26,3,2,Winter
26,3,2,Winter
26,3,2,Winter
26,3,3,Winter
26,3,4,Winter
26,3,3,Winter
26,3,2,Winter
26,3,7,Winter
26,3,5,Winter
26,3,4,Winter
26,4,2,Winter
26,4,2,Winter
26,4,3,Winter
26,4,2,Winter
26,4,2,Winter
26,4,2,Winter
26,4,2,Winter
26,4,2,Winter
26,4,2,Winter
26,4,4,Winter
26,4,3,Winter
26,4,2,Winter
26,4,2,Winter
26,4,4,Winter
26,4,5,Winter
26,4,4,Winter
26,5,2,Winter
26,5,2,Winter
26,5,2,Winter
26,5,8,Winter
26,5,2,Winter
26,5,2,Winter
26,5,2,Winter
26,5,2,Winter
26,5,2,Winter
26,5,2,Winter
26,5,2,Winter
26,5,4,Winter
26,5,5,Winter
26,5,4,Winter
26,6,2,Winter
26,6,2,Winter
26,6,2,Winter
26,6,8,Winter
26,6,2,Winter
26,6,2,Winter
26,6,2,Winter
26,6,2,Winter
26,6,2,Winter
26,6,2,Winter
26,6,4,Winter
26,6,5,Winter
26,6,4,Winter
26,7,2,Winter
26,7,2,Winter
26,7,2,Winter
26,7,4,Winter
26,7,3,Winter
26,7,2,Winter
26,7,2,Winter
26,7,2,Winter
26,7,2,Winter
26,7,5,Winter
26,7,5,Winter
26,7,4,Winter
26,8,2,Winter
26,8,2,Winter
26,8,4,Winter
26,8,3,Winter
26,8,3,Winter
26,8,2,Winter
26,8,7,Winter
26,8,5,Winter
26,8,2,Winter
26,9,2,Winter
26,9,2,Winter
26,9,4,Winter
26,9,3,Winter
26,9,2,Winter
26,9,7,Winter
26,9,3,Winter
26,9,2,Winter
26,10,3,Winter
26,10,3,Winter
26,10,3,Winter
26,10,3,Winter
26,10,2,Winter
26,10,2,Winter
26,10,4,Winter
26,10,2,Winter
26,10,5,Winter
26,10,2,Winter
26,11,3,Winter
26,11,3,Winter
26,11,3,Winter
26,11,3,Winter
26,11,2,Winter
26,11,3,Winter
26,11,3,Winter
26,11,2,Winter
26,11,5,Winter
26,11,2,Winter
26,12,3,Winter
26,12,3,Winter
26,12,3,Winter
26,12,3,Winter
26,12,2,Winter
26,12,3,Winter
26,12,4,Winter
26,12,5,Winter
26,12,2,Winter
26,13,3,Winter
26,13,5,Winter
26,13,4,Winter
26,13,2,Winter
26,13,2,Winter
26,13,3,Winter
26,13,2,Winter
26,13,2,Winter
26,13,2,Winter
26,13,4,Winter
26,13,2,Winter
26,14,3,Winter
26,14,5,Winter
26,14,3,Winter
26,14,2,Winter
26,14,2,Winter
26,14,3,Winter
26,14,2,Winter
26,14,6,Winter
26,14,4,Winter
26,14,2,Winter
26,15,3,Winter
26,15,3,Winter
26,15,2,Winter
26,15,2,Winter
26,15,3,Winter
26,15,2,Winter
26,15,4,Winter
26,15,4,Winter
26,15,2,Winter
26,16,3,Winter
26,16,3,Winter
26,16,2,Winter
26,16,2,Winter
26,16,2,Winter
26,16,4,Winter
26,16,2,Winter
26,16,5,Winter
26,16,2,Winter
26,17,4,Winter
26,17,3,Winter
26,17,2,Winter
26,17,2,Winter
26,17,2,Winter
26,17,4,Winter
26,17,6,Winter
26,18,3,Winter
26,18,2,Winter
26,18,2,Winter
26,18,2,Winter
26,18,4,Winter
26,18,3,Winter
26,18,6,Winter
26,19,2,Winter
26,19,2,Winter
26,19,2,Winter
26,19,2,Winter
26,19,3,Winter
26,19,2,Winter
26,20,2,Winter
26,20,2,Winter
26,20,2,Winter
26,20,2,Winter
26,20,3,Winter
26,20,2,Winter
26,21,2,Winter
26,21,2,Winter
26,21,2,Winter
26,22,2,Winter
26,22,2,Winter
26,22,2,Winter
26,23,2,Winter
26,23,2,Winter
26,23,2,Winter
26,24,2,Winter
26,24,2,Winter
26,24,2,Winter
26,24,2,Winter
26,24,3,Winter
26,25,3,Winter
26,25,2,Winter
26,25,2,Winter
26,25,2,Winter
26,26,3,Winter
26,26,2,Winter
26,26,2,Winter
26,27,3,Winter
26,27,2,Winter
26,27,3,Winter
26,28,2,Winter
26,28,3,Winter
26,28,2,Winter
26,28,2,Winter
26,28,5,Winter
26,29,2,Winter
26,29,3,Winter
26,29,5,Winter
26,29,2,Winter
26,30,3,Winter
26,30,3,Winter
26,30,5,Winter
26,30,2,Winter
26,30,2,Winter
26,30,2,Winter
26,31,2,Winter
26,31,3,Winter
26,31,8,Winter
26,31,2,Winter
26,31,2,Winter
26,32,2,Winter
26,32,3,Winter
26,32,8,Winter
26,32,2,Winter
26,32,2,Winter
26,33,2,Winter
26,33,3,Winter
26,33,2,Winter
26,33,8,Winter
26,33,2,Winter
26,34,2,Winter
26,34,4,Winter
26,34,2,Winter
26,34,2,Winter
26,34,2,Winter
26,34,2,Winter
26,34,2,Winter
26,34,2,Winter
26,35,2,Winter
26,35,4,Winter
26,35,3,Winter
26,35,2,Winter
26,35,2,Winter
26,36,2,Winter
26,36,4,Winter
26,36,2,Winter
26,36,2,Winter
26,37,2,Winter
26,37,2,Winter
26,38,2,Winter
26,38,2,Winter
26,38,2,Winter
26,39,3,Winter
26,39,2,Winter
26,39,2,Winter
26,39,2,Winter
26,40,2,Winter
26,40,2,Winter
26,41,2,Winter
26,41,2,Winter
26,41,2,Winter
26,41,3,Winter
26,42,2,Winter
26,42,2,Winter
26,42,2,Winter
26,43,3,Winter
26,44,2,Winter
27,2,2,Winter
27,2,3,Winter
27,2,2,Winter
27,2,2,Winter
27,2,2,Winter
27,2,3,Winter
27,2,2,Winter
27,2,5,Winter
27,2,2,Winter
27,2,5,Winter
27,2,5,Winter
27,2,4,Winter
27,3,2,Winter
27,3,3,Winter
27,3,2,Winter
27,3,2,Winter
27,3,2,Winter
27,3,3,Winter
27,3,4,Winter
27,3,2,Winter
27,3,7,Winter
27,3,5,Winter
27,3,4,Winter
27,4,2,Winter
27,4,3,Winter
27,4,2,Winter
27,4,2,Winter
27,4,2,Winter
27,4,2,Winter
27,4,2,Winter
27,4,2,Winter
27,4,4,Winter
27,4,2,Winter
27,4,6,Winter
27,4,5,Winter
27,4,4,Winter
27,5,2,Winter
27,5,3,Winter
27,5,2,Winter
27,5,2,Winter
27,5,2,Winter
27,5,2,Winter
27,5,2,Winter
27,5,2,Winter
27,5,5,Winter
27,5,2,Winter
27,5,6,Winter
27,5,5,Winter
27,5,4,Winter
27,6,2,Winter
27,6,2,Winter
27,6,8,Winter
27,6,2,Winter
27,6,2,Winter
27,6,2,Winter
27,6,3,Winter
27,6,2,Winter
27,6,6,Winter
27,6,5,Winter
27,7,2,Winter
27,7,2,Winter
27,7,7,Winter
27,7,2,Winter
27,7,2,Winter
27,7,2,Winter
27,7,2,Winter
27,7,2,Winter
27,7,6,Winter
27,7,5,Winter
27,8,3,Winter
27,8,3,Winter
27,8,2,Winter
27,8,3,Winter
27,8,3,Winter
27,8,2,Winter
27,8,3,Winter
27,8,2,Winter
27,8,7,Winter
27,8,5,Winter
27,9,3,Winter
27,9,3,Winter
27,9,2,Winter
27,9,2,Winter
27,9,3,Winter
27,9,3,Winter
27,9,2,Winter
27,9,3,Winter
27,9,7,Winter
27,9,5,Winter
27,10,3,Winter
27,10,2,Winter
27,10,3,Winter
27,10,3,Winter
27,10,2,Winter
27,10,3,Winter
27,10,3,Winter
27,10,7,Winter
27,10,5,Winter
27,11,3,Winter
27,11,2,Winter
27,11,3,Winter
27,11,2,Winter
27,11,2,Winter
27,11,2,Winter
27,11,7,Winter
27,11,5,Winter
27,12,2,Winter
27,12,2,Winter
27,12,3,Winter
27,12,3,Winter
27,12,2,Winter
27,12,2,Winter
27,12,5,Winter
27,12,7,Winter
27,13,2,Winter
27,13,6,Winter
27,13,2,Winter
27,13,2,Winter
27,13,2,Winter
27,13,2,Winter
27,13,5,Winter
27,13,5,Winter
27,14,2,Winter
27,14,5,Winter
27,14,3,Winter
27,14,4,Winter
27,14,2,Winter
27,14,2,Winter
27,14,5,Winter
27,14,4,Winter
27,15,2,Winter
27,15,3,Winter
27,15,3,Winter
27,15,2,Winter
27,15,3,Winter
27,15,4,Winter
27,15,4,Winter
27,15,2,Winter
27,16,2,Winter
27,16,3,Winter
27,16,2,Winter
27,16,2,Winter
27,16,2,Winter
27,16,2,Winter
27,16,4,Winter
27,16,5,Winter
27,16,2,Winter
27,17,2,Winter
27,17,2,Winter
27,17,2,Winter
27,17,2,Winter
27,17,6,Winter
27,18,2,Winter
27,18,2,Winter
27,18,2,Winter
27,18,3,Winter
27,18,2,Winter
27,19,2,Winter
27,19,2,Winter
27,21,2,Winter
27,21,2,Winter
27,22,2,Winter
27,22,2,Winter
27,23,2,Winter
27,23,2,Winter
27,23,2,Winter
27,24,2,Winter
27,24,2,Winter
27,24,2,Winter
27,24,2,Winter
27,25,2,Winter
27,25,2,Winter
27,25,2,Winter
27,25,2,Winter
27,26,3,Winter
27,26,2,Winter
27,26,2,Winter
27,26,2,Winter
27,27,3,Winter
27,27,3,Winter
27,27,2,Winter
27,27,2,Winter
27,28,2,Winter
27,28,3,Winter
27,28,3,Winter
27,28,3,Winter
27,28,4,Winter
27,28,2,Winter
27,29,2,Winter
27,29,2,Winter
27,29,3,Winter
27,29,3,Winter
27,29,2,Winter
27,29,6,Winter
27,29,2,Winter
27,30,2,Winter
27,30,2,Winter
27,30,3,Winter
27,30,2,Winter
27,30,2,Winter
27,30,5,Winter
27,30,2,Winter
27,30,2,Winter
27,31,2,Winter
27,31,2,Winter
27,31,3,Winter
27,31,6,Winter
27,31,2,Winter
27,31,2,Winter
27,32,2,Winter
27,32,3,Winter
27,32,3,Winter
27,32,3,Winter
27,32,2,Winter
27,32,2,Winter
27,33,5,Winter
27,33,2,Winter
27,33,2,Winter
27,33,2,Winter
27,33,4,Winter
27,33,3,Winter
27,33,4,Winter
27,34,4,Winter
27,34,2,Winter
27,34,2,Winter
27,34,2,Winter
27,34,3,Winter
27,34,6,Winter
27,35,2,Winter
27,35,2,Winter
27,35,2,Winter
27,35,2,Winter
27,35,2,Winter
27,35,2,Winter
27,35,6,Winter
27,36,2,Winter
27,36,2,Winter
27,36,2,Winter
27,36,2,Winter
27,36,2,Winter
27,36,2,Winter
27,36,2,Winter
27,36,2,Winter
27,36,2,Winter
27,37,2,Winter
27,37,2,Winter
27,37,2,Winter
27,37,2,Winter
27,37,2,Winter
27,38,2,Winter
27,38,2,Winter
27,38,2,Winter
27,38,2,Winter
27,38,2,Winter
27,39,2,Winter
27,39,2,Winter
27,39,2,Winter
27,39,2,Winter
27,40,2,Winter
27,40,2,Winter
27,40,2,Winter
27,40,2,Winter
27,40,2,Winter
27,41,2,Winter
27,41,2,Winter
27,41,2,Winter
27,41,2,Winter
27,42,2,Winter
27,42,2,Winter
27,42,2,Winter
27,43,2,Winter
27,44,2,Winter
28,2,4,Winter
28,2,2,Winter
28,2,2,Winter
28,2,2,Winter
28,2,2,Winter
28,2,2,Winter
28,2,8,Winter
28,2,3,Winter
28,2,5,Winter
28,2,6,Winter
28,3,4,Winter
28,3,2,Winter
28,3,3,Winter
28,3,2,Winter
28,3,2,Winter
28,3,2,Winter
28,3,5,Winter
28,3,2,Winter
28,3,5,Winter
28,3,6,Winter
28,4,2,Winter
28,4,3,Winter
28,4,2,Winter
28,4,2,Winter
28,4,5,Winter
28,4,2,Winter
28,4,5,Winter
28,5,2,Winter
28,5,3,Winter
28,5,2,Winter
28,5,2,Winter
28,5,2,Winter
28,5,4,Winter
28,5,5,Winter
28,5,2,Winter
28,5,5,Winter
28,6,2,Winter
28,6,2,Winter
28,6,5,Winter
28,6,2,Winter
28,6,4,Winter
28,6,3,Winter
28,6,2,Winter
28,6,6,Winter
28,7,2,Winter
28,7,2,Winter
28,7,5,Winter
28,7,2,Winter
28,7,3,Winter
28,7,3,Winter
28,7,4,Winter
28,7,6,Winter
28,8,3,Winter
28,8,3,Winter
28,8,2,Winter
28,8,5,Winter
28,8,2,Winter
28,8,3,Winter
28,8,3,Winter
28,8,14,Winter
28,9,3,Winter
28,9,3,Winter
28,9,5,Winter
28,9,4,Winter
28,9,2,Winter
28,9,2,Winter
28,9,14,Winter
28,10,4,Winter
28,10,2,Winter
28,10,3,Winter
28,10,3,Winter
28,10,2,Winter
28,10,3,Winter
28,10,15,Winter
28,11,4,Winter
28,11,2,Winter
28,11,2,Winter
28,11,4,Winter
28,11,2,Winter
28,11,15,Winter
28,12,2,Winter
28,12,2,Winter
28,12,3,Winter
28,12,2,Winter
28,13,5,Winter
28,13,2,Winter
28,13,2,Winter
28,13,2,Winter
28,13,2,Winter
28,14,5,Winter
28,14,3,Winter
28,14,4,Winter
28,14,2,Winter
28,14,2,Winter
28,14,2,Winter
28,15,2,Winter
28,15,3,Winter
28,15,4,Winter
28,15,2,Winter
28,15,2,Winter
28,15,5,Winter
28,15,5,Winter
28,15,2,Winter
28,16,2,Winter
28,16,3,Winter
28,16,2,Winter
28,16,2,Winter
28,16,5,Winter
28,16,5,Winter
28,16,2,Winter
28,17,3,Winter
28,17,2,Winter
28,17,2,Winter
28,17,2,Winter
28,17,7,Winter
28,18,2,Winter
28,18,2,Winter
28,18,2,Winter
28,18,3,Winter
28,18,2,Winter
28,19,2,Winter
28,19,2,Winter
28,21,2,Winter
28,22,2,Winter
28,23,2,Winter
28,24,2,Winter
28,24,2,Winter
28,25,2,Winter
28,25,2,Winter
28,25,2,Winter
28,25,2,Winter
28,26,3,Winter
28,26,2,Winter
28,26,2,Winter
28,26,2,Winter
28,26,2,Winter
28,26,2,Winter
28,26,3,Winter
28,27,3,Winter
28,27,3,Winter
28,27,2,Winter
28,27,2,Winter
28,27,2,Winter
28,28,3,Winter
28,28,3,Winter
28,28,4,Winter
28,28,2,Winter
28,28,3,Winter
28,28,2,Winter
28,29,3,Winter
28,29,3,Winter
28,29,4,Winter
28,29,2,Winter
28,29,2,Winter
28,29,3,Winter
28,29,2,Winter
28,30,4,Winter
28,30,3,Winter
28,30,3,Winter
28,30,2,Winter
28,30,2,Winter
28,30,4,Winter
28,30,2,Winter
28,30,2,Winter
28,31,2,Winter
28,31,2,Winter
28,31,3,Winter
28,31,2,Winter
28,31,2,Winter
28,31,2,Winter
28,31,2,Winter
28,32,5,Winter
28,32,3,Winter
28,32,3,Winter
28,32,2,Winter
28,32,2,Winter
28,33,2,Winter
28,33,5,Winter
28,33,3,Winter
28,33,2,Winter
28,33,3,Winter
28,33,2,Winter
28,33,2,Winter
28,34,2,Winter
28,34,6,Winter
28,34,3,Winter
28,34,2,Winter
28,34,2,Winter
28,34,2,Winter
28,34,3,Winter
28,35,3,Winter
28,35,2,Winter
28,35,2,Winter
28,35,2,Winter
28,35,2,Winter
28,35,3,Winter
28,36,2,Winter
28,36,2,Winter
28,36,2,Winter
28,36,2,Winter
28,36,2,Winter
28,36,2,Winter
28,37,2,Winter
28,37,2,Winter
28,37,2,Winter
28,37,2,Winter
28,38,2,Winter
28,38,2,Winter
28,38,2,Winter
28,38,2,Winter
28,39,2,Winter
28,39,2,Winter
28,39,2,Winter
28,39,2,Winter
28,40,2,Winter
28,40,2,Winter
28,40,2,Winter
28,40,2,Winter
28,40,2,Winter
28,41,2,Winter
28,41,2,Winter
28,41,2,Winter
28,42,2,Winter
28,42,2,Winter
28,42,2,Winter
29,2,2,Winter
29,2,2,Winter
29,2,2,Winter
29,2,2,Winter
29,2,6,Winter
29,3,2,Winter
29,3,2,Winter
29,3,2,Winter
29,3,2,Winter
29,3,5,Winter
29,3,2,Winter
29,4,2,Winter
29,4,2,Winter
29,4,2,Winter
29,4,2,Winter
29,4,2,Winter
29,4,5,Winter
29,4,2,Winter
29,5,2,Winter
29,5,2,Winter
29,5,2,Winter
29,5,2,Winter
29,5,2,Winter
29,5,3,Winter
29,6,2,Winter
29,6,3,Winter
29,6,4,Winter
29,6,2,Winter
29,6,2,Winter
29,6,2,Winter
29,6,2,Winter
29,6,3,Winter
29,6,2,Winter
29,7,2,Winter
29,7,3,Winter
29,7,7,Winter
29,7,5,Winter
29,7,2,Winter
29,7,2,Winter
29,8,3,Winter
29,8,5,Winter
29,8,5,Winter
29,8,2,Winter
29,9,2,Winter
29,9,4,Winter
29,9,4,Winter
29,10,3,Winter
29,10,5,Winter
29,10,2,Winter
29,10,2,Winter
29,11,3,Winter
29,11,4,Winter
29,11,2,Winter
29,11,2,Winter
29,11,2,Winter
29,12,4,Winter
29,12,3,Winter
29,12,3,Winter
29,12,2,Winter
29,12,2,Winter
29,13,2,Winter
29,13,4,Winter
29,13,3,Winter
29,13,3,Winter
29,13,2,Winter
29,13,2,Winter
29,14,2,Winter
29,14,4,Winter
29,14,3,Winter
29,14,2,Winter
29,14,2,Winter
29,14,2,Winter
29,15,2,Winter
29,15,2,Winter
29,15,4,Winter
29,15,2,Winter
29,15,2,Winter
29,15,2,Winter
29,16,2,Winter
29,16,3,Winter
29,16,4,Winter
29,16,2,Winter
29,16,2,Winter
29,17,2,Winter
29,17,2,Winter
29,17,4,Winter
29,17,2,Winter
29,18,2,Winter
29,18,2,Winter
29,18,4,Winter
29,18,2,Winter
29,19,2,Winter
29,19,4,Winter
29,19,2,Winter
29,20,2,Winter
29,20,2,Winter
29,21,2,Winter
29,21,2,Winter
29,25,2,Winter
29,25,2,Winter
29,26,2,Winter
29,26,2,Winter
29,26,2,Winter
29,26,2,Winter
29,27,2,Winter
29,27,2,Winter
29,27,2,Winter
29,27,2,Winter
29,27,2,Winter
29,27,2,Winter
29,28,2,Winter
29,28,2,Winter
29,28,4,Winter
29,28,3,Winter
29,28,2,Winter
29,29,2,Winter
29,29,2,Winter
29,29,4,Winter
29,29,3,Winter
29,29,2,Winter
29,30,4,Winter
29,30,3,Winter
29,30,2,Winter
29,30,2,Winter
29,30,2,Winter
29,30,2,Winter
29,30,3,Winter
29,31,4,Winter
29,31,2,Winter
29,31,2,Winter
29,31,2,Winter
29,31,2,Winter
29,31,2,Winter
29,31,3,Winter
29,32,2,Winter
29,32,2,Winter
29,32,4,Winter
29,32,2,Winter
29,32,2,Winter
29,32,3,Winter
29,32,5,Winter
29,33,2,Winter
29,33,2,Winter
29,33,4,Winter
29,33,2,Winter
29,33,4,Winter
29,33,2,Winter
29,33,3,Winter
29,33,2,Winter
29,33,2,Winter
29,34,2,Winter
29,34,2,Winter
29,34,2,Winter
29,34,3,Winter
29,34,3,Winter
29,35,2,Winter
29,35,2,Winter
29,35,2,Winter
29,35,2,Winter
29,35,3,Winter
29,35,3,Winter
29,36,2,Winter
29,36,2,Winter
29,36,2,Winter
29,36,2,Winter
29,36,2,Winter
29,37,2,Winter
29,37,2,Winter
29,37,2,Winter
29,37,2,Winter
29,37,2,Winter
29,37,2,Winter
29,38,2,Winter
29,38,2,Winter
29,38,2,Winter
29,38,2,Winter
29,38,2,Winter
29,39,2,Winter
29,39,2,Winter
29,39,2,Winter
29,40,2,Winter
29,40,2,Winter
29,41,2,Winter
29,41,2,Winter
30,2,2,Winter
30,2,2,Winter
30,2,2,Winter
30,2,2,Winter
30,2,5,Winter
30,3,2,Winter
30,3,2,Winter
30,3,2,Winter
30,3,5,Winter
30,4,2,Winter
30,4,2,Winter
30,4,2,Winter
30,5,2,Winter
30,5,2,Winter
30,5,2,Winter
30,6,2,Winter
30,6,4,Winter
30,6,2,Winter
30,6,2,Winter
30,7,2,Winter
30,7,4,Winter
30,7,2,Winter
30,7,2,Winter
30,7,2,Winter
30,8,2,Winter
30,8,4,Winter
30,8,2,Winter
30,8,2,Winter
30,9,3,Winter
30,9,4,Winter
30,9,3,Winter
30,9,2,Winter
30,10,2,Winter
30,10,2,Winter
30,10,3,Winter
30,10,3,Winter
30,10,2,Winter
30,11,4,Winter
30,11,2,Winter
30,11,3,Winter
30,11,4,Winter
30,11,2,Winter
30,11,2,Winter
30,11,3,Winter
30,12,4,Winter
30,12,3,Winter
30,12,4,Winter
30,12,2,Winter
30,12,3,Winter
30,12,2,Winter
30,13,2,Winter
30,13,4,Winter
30,13,3,Winter
30,13,3,Winter
30,13,2,Winter
30,14,2,Winter
30,14,4,Winter
30,14,4,Winter
30,14,2,Winter
30,14,2,Winter
30,14,2,Winter
30,15,4,Winter
30,15,2,Winter
30,15,4,Winter
30,15,2,Winter
30,15,2,Winter
30,15,2,Winter
30,15,2,Winter
30,16,2,Winter
30,16,2,Winter
30,16,4,Winter
30,16,2,Winter
30,16,2,Winter
30,16,2,Winter
30,17,2,Winter
30,17,4,Winter
30,17,2,Winter
30,17,2,Winter
30,17,3,Winter
30,17,2,Winter
30,17,4,Winter
30,17,2,Winter
30,18,3,Winter
30,18,4,Winter
30,18,2,Winter
30,18,2,Winter
30,18,3,Winter
30,18,5,Winter
30,18,2,Winter
30,19,2,Winter
30,19,4,Winter
30,19,2,Winter
30,19,4,Winter
30,19,2,Winter
30,19,2,Winter
30,19,2,Winter
30,19,4,Winter
30,19,2,Winter
30,20,2,Winter
30,20,2,Winter
30,20,2,Winter
30,20,2,Winter
30,20,3,Winter
30,20,7,Winter
30,21,2,Winter
30,21,2,Winter
30,21,2,Winter
30,21,7,Winter
30,21,2,Winter
30,22,2,Winter
30,22,5,Winter
30,22,4,Winter
30,23,2,Winter
30,23,2,Winter
30,24,2,Winter
30,24,2,Winter
30,25,2,Winter
30,25,2,Winter
30,26,2,Winter
30,26,2,Winter
30,26,3,Winter
30,26,2,Winter
30,27,2,Winter
30,27,2,Winter
30,27,2,Winter
30,27,2,Winter
30,27,3,Winter
30,28,2,Winter
30,28,3,Winter
30,28,3,Winter
30,28,2,Winter
30,29,2,Winter
30,29,3,Winter
30,29,2,Winter
30,29,2,Winter
30,29,2,Winter
30,30,4,Winter
30,30,2,Winter
30,30,3,Winter
30,30,2,Winter
30,30,3,Winter
30,30,3,Winter
30,31,4,Winter
30,31,2,Winter
30,31,4,Winter
30,31,2,Winter
30,31,2,Winter
30,31,3,Winter
30,32,3,Winter
30,32,2,Winter
30,32,6,Winter
30,32,2,Winter
30,32,3,Winter
30,32,5,Winter
30,33,2,Winter
30,33,2,Winter
30,33,5,Winter
30,33,2,Winter
30,33,2,Winter
30,33,3,Winter
30,33,5,Winter
30,34,2,Winter
30,34,4,Winter
30,34,2,Winter
30,34,2,Winter
30,34,3,Winter
30,34,2,Winter
30,34,3,Winter
30,34,3,Winter
30,35,2,Winter
30,35,3,Winter
30,35,2,Winter
30,35,2,Winter
30,35,2,Winter
30,35,3,Winter
30,35,3,Winter
30,35,3,Winter
30,36,2,Winter
30,36,2,Winter
30,36,2,Winter
30,36,2,Winter
30,36,2,Winter
30,36,2,Winter
30,36,2,Winter
30,37,2,Winter
30,37,2,Winter
30,37,2,Winter
30,37,2,Winter
30,37,2,Winter
30,37,2,Winter
30,38,2,Winter
30,38,2,Winter
30,38,2,Winter
30,38,2,Winter
30,38,2,Winter
30,39,2,Winter
30,39,2,Winter
30,39,2,Winter
30,40,2,Winter
30,40,2,Winter
30,41,2,Winter
30,41,2,Winter
31,2,4,Winter
31,2,2,Winter
31,2,5,Winter
31,3,4,Winter
31,3,3,Winter
31,3,5,Winter
31,4,2,Winter
31,5,2,Winter
31,5,2,Winter
31,6,2,Winter
31,6,3,Winter
31,6,2,Winter
31,7,2,Winter
31,7,2,Winter
31,7,3,Winter
31,7,2,Winter
31,7,3,Winter
31,8,2,Winter
31,8,3,Winter
31,8,3,Winter
31,8,2,Winter
31,8,2,Winter
31,8,3,Winter
31,9,2,Winter
31,9,3,Winter
31,9,4,Winter
31,9,2,Winter
31,9,2,Winter
31,9,2,Winter
31,9,2,Winter
31,10,4,Winter
31,10,2,Winter
31,10,3,Winter
31,10,3,Winter
31,11,4,Winter
31,11,2,Winter
31,11,3,Winter
31,11,3,Winter
31,12,4,Winter
31,12,6,Winter
31,12,2,Winter
31,12,3,Winter
31,13,3,Winter
31,13,4,Winter
31,13,3,Winter
31,13,2,Winter
31,13,2,Winter
31,13,2,Winter
31,14,3,Winter
31,14,4,Winter
31,14,2,Winter
31,14,2,Winter
31,14,2,Winter
31,14,4,Winter
31,15,3,Winter
31,15,4,Winter
31,15,2,Winter
31,15,2,Winter
31,15,2,Winter
31,15,4,Winter
31,16,3,Winter
31,16,4,Winter
31,16,2,Winter
31,16,2,Winter
31,16,2,Winter
31,16,2,Winter
31,16,2,Winter
31,17,6,Winter
31,17,3,Winter
31,17,2,Winter
31,17,2,Winter
31,17,2,Winter
31,17,2,Winter
31,18,6,Winter
31,18,4,Winter
31,18,2,Winter
31,18,2,Winter
31,18,2,Winter
31,18,6,Winter
31,19,5,Winter
31,19,4,Winter
31,19,2,Winter
31,19,4,Winter
31,19,6,Winter
31,19,3,Winter
31,19,3,Winter
31,19,9,Winter
31,20,4,Winter
31,20,4,Winter
31,20,2,Winter
31,20,4,Winter
31,20,4,Winter
31,20,3,Winter
31,20,3,Winter
31,20,9,Winter
31,21,2,Winter
31,21,5,Winter
31,21,2,Winter
31,21,4,Winter
31,21,2,Winter
31,21,3,Winter
31,21,2,Winter
31,21,13,Winter
31,22,2,Winter
31,22,2,Winter
31,22,2,Winter
31,22,2,Winter
31,22,4,Winter
31,22,2,Winter
31,22,2,Winter
31,22,2,Winter
31,22,7,Winter
31,22,4,Winter
31,23,2,Winter
31,23,4,Winter
31,23,2,Winter
31,23,5,Winter
31,23,3,Winter
31,24,3,Winter
31,24,2,Winter
31,24,5,Winter
31,24,3,Winter
31,25,2,Winter
31,25,5,Winter
31,26,2,Winter
31,26,5,Winter
31,27,2,Winter
31,27,2,Winter
31,27,3,Winter
31,27,3,Winter
31,28,2,Winter
31,28,2,Winter
31,28,2,Winter
31,28,3,Winter
31,28,2,Winter
31,28,3,Winter
31,28,2,Winter
31,29,2,Winter
31,29,2,Winter
31,29,2,Winter
31,29,2,Winter
31,29,6,Winter
31,29,2,Winter
31,29,2,Winter
31,30,3,Winter
31,30,3,Winter
31,30,2,Winter
31,30,4,Winter
31,30,2,Winter
31,30,2,Winter
31,30,3,Winter
31,30,2,Winter
31,31,3,Winter
31,31,2,Winter
31,31,2,Winter
31,31,4,Winter
31,31,2,Winter
31,31,2,Winter
31,31,5,Winter
31,31,2,Winter
31,32,3,Winter
31,32,2,Winter
31,32,2,Winter
31,32,2,Winter
31,32,4,Winter
31,32,2,Winter
31,32,2,Winter
31,32,3,Winter
31,32,2,Winter
31,33,3,Winter
31,33,2,Winter
31,33,3,Winter
31,33,4,Winter
31,33,2,Winter
31,33,2,Winter
31,33,3,Winter
31,33,2,Winter
31,34,2,Winter
31,34,2,Winter
31,34,2,Winter
31,34,4,Winter
31,34,2,Winter
31,34,4,Winter
31,34,2,Winter
31,35,2,Winter
31,35,2,Winter
31,35,3,Winter
31,35,2,Winter
31,35,2,Winter
31,35,3,Winter
31,35,2,Winter
31,36,2,Winter
31,36,3,Winter
31,36,2,Winter
31,37,2,Winter
31,37,3,Winter
31,37,2,Winter
1,43,2,Spring
1,44,2,Spring
1,45,2,Spring
3,24,2,Spring
4,16,2,Spring
4,17,2,Spring
4,18,2,Spring
4,19,2,Spring
4,20,2,Spring
4,21,2,Spring
4,24,2,Spring
4,43,2,Spring
5,19,2,Spring
5,20,2,Spring
5,21,3,Spring
5,22,3,Spring
5,23,2,Spring
6,22,2,Spring
6,26,3,Spring
7,30,2,Spring
7,31,2,Spring
7,41,2,Spring
8,24,2,Spring
8,28,2,Spring
8,29,2,Spring
8,29,2,Spring
8,30,2,Spring
8,30,2,Spring
8,31,2,Spring
8,31,2,Spring
8,32,2,Spring
8,39,2,Spring
8,43,2,Spring
9,25,3,Spring
9,26,3,Spring
9,27,2,Spring
9,28,3,Spring
9,29,2,Spring
9,29,3,Spring
9,30,3,Spring
9,30,3,Spring
9,31,3,Spring
9,31,3,Spring
9,32,3,Spring
9,32,2,Spring
9,37,2,Spring
9,38,2,Spring
9,39,2,Spring
9,41,2,Spring
9,42,2,Spring
9,43,2,Spring
9,44,2,Spring
10,24,2,Spring
10,25,2,Spring
10,26,3,Spring
10,26,2,Spring
10,27,3,Spring
10,28,4,Spring
10,29,3,Spring
10,29,2,Spring
10,30,3,Spring
10,30,2,Spring
10,31,3,Spring
10,31,2,Spring
10,32,2,Spring
10,32,2,Spring
10,32,2,Spring
10,33,2,Spring
11,25,2,Spring
11,26,3,Spring
11,27,4,Spring
11,27,2,Spring
11,28,4,Spring
11,28,2,Spring
11,29,3,Spring
11,29,2,Spring
11,30,4,Spring
11,30,2,Spring
11,31,3,Spring
11,31,2,Spring
11,31,2,Spring
11,32,2,Spring
11,32,2,Spring
11,32,2,Spring
11,33,2,Spring
11,39,2,Spring
11,40,2,Spring
12,14,2,Spring
12,15,2,Spring
12,26,2,Spring
12,27,4,Spring
12,28,4,Spring
12,28,2,Spring
12,29,4,Spring
12,29,2,Spring
12,30,3,Spring
12,31,4,Spring
12,31,3,Spring
12,32,4,Spring
12,32,3,Spring
12,33,2,Spring
12,33,3,Spring
12,39,2,Spring
12,40,2,Spring
12,41,2,Spring
13,15,2,Spring
13,17,2,Spring
13,26,2,Spring
13,27,2,Spring
13,28,4,Spring
13,28,2,Spring
13,29,4,Spring
13,29,2,Spring
13,30,4,Spring
13,31,4,Spring
13,31,2,Spring
13,32,4,Spring
13,32,2,Spring
13,33,2,Spring
13,33,3,Spring
13,34,2,Spring
13,34,2,Spring
13,38,2,Spring
13,39,2,Spring
13,40,2,Spring
13,41,2,Spring
14,18,2,Spring
14,19,2,Spring
14,20,2,Spring
14,25,2,Spring
14,26,2,Spring
14,26,2,Spring
14,27,2,Spring
14,27,2,Spring
14,28,3,Spring
14,28,2,Spring
14,29,4,Spring
14,29,2,Spring
14,30,4,Spring
14,30,3,Spring
14,31,4,Spring
14,32,4,Spring
14,32,2,Spring
14,33,2,Spring
14,33,3,Spring
14,34,2,Spring
14,34,3,Spring
14,38,2,Spring
14,39,2,Spring
15,19,2,Spring
15,20,2,Spring
15,20,2,Spring
15,24,2,Spring
15,27,2,Spring
15,27,2,Spring
15,28,2,Spring
15,28,2,Spring
15,29,2,Spring
15,30,2,Spring
15,31,4,Spring
15,32,4,Spring
15,32,2,Spring
15,34,2,Spring
15,40,2,Spring
15,41,3,Spring
15,42,3,Spring
15,43,3,Spring
15,44,3,Spring
16,8,2,Spring
16,9,2,Spring
16,10,2,Spring
16,13,2,Spring
16,14,2,Spring
16,15,3,Spring
16,18,2,Spring
16,19,2,Spring
16,20,2,Spring
16,20,3,Spring
16,21,3,Spring
16,22,2,Spring
16,22,2,Spring
16,22,4,Spring
16,23,4,Spring
16,24,2,Spring
16,24,3,Spring
16,25,2,Spring
16,25,2,Spring
16,26,2,Spring
16,26,2,Spring
16,28,2,Spring
16,29,2,Spring
16,30,2,Spring
16,31,2,Spring
16,32,2,Spring
16,33,2,Spring
16,34,2,Spring
16,35,2,Spring
16,36,2,Spring
16,37,3,Spring
16,38,3,Spring
16,39,3,Spring
16,39,2,Spring
16,40,3,Spring
16,41,3,Spring
16,41,2,Spring
16,42,3,Spring
16,43,3,Spring
17,9,2,Spring
17,10,2,Spring
17,11,2,Spring
17,11,2,Spring
17,12,2,Spring
17,13,2,Spring
17,13,2,Spring
17,14,2,Spring
17,14,2,Spring
17,15,2,Spring
17,18,3,Spring
17,19,3,Spring
17,20,3,Spring
17,21,3,Spring
17,22,3,Spring
17,23,2,Spring
17,24,3,Spring
17,25,3,Spring
17,26,2,Spring
17,30,2,Spring
17,31,3,Spring
17,32,3,Spring
17,33,2,Spring
17,34,2,Spring
17,35,2,Spring
17,36,2,Spring
17,37,2,Spring
17,38,3,Spring
17,39,3,Spring
17,40,3,Spring
17,41,2,Spring
17,42,2,Spring
17,43,2,Spring
18,9,2,Spring
18,10,2,Spring
18,11,2,Spring
18,12,2,Spring
18,13,2,Spring
18,13,2,Spring
18,14,2,Spring
18,15,2,Spring
18,17,2,Spring
18,18,2,Spring
18,19,2,Spring
18,23,2,Spring
18,24,2,Spring
18,26,2,Spring
18,30,2,Spring
18,31,2,Spring
19,2,2,Spring
19,3,2,Spring
19,7,2,Spring
19,8,2,Spring
19,8,2,Spring
19,9,2,Spring
19,10,2,Spring
19,11,2,Spring
19,11,2,Spring
19,11,2,Spring
19,12,2,Spring
19,12,2,Spring
19,13,2,Spring
19,14,2,Spring
19,15,2,Spring
19,16,2,Spring
19,17,2,Spring
19,17,2,Spring
19,18,2,Spring
19,18,2,Spring
19,19,2,Spring
19,24,2,Spring
19,31,2,Spring
20,5,2,Spring
20,8,2,Spring
20,9,2,Spring
20,10,2,Spring
20,11,2,Spring
20,15,2,Spring
20,16,2,Spring
20,16,2,Spring
20,17,3,Spring
20,17,2,Spring
20,18,3,Spring
20,18,2,Spring
20,19,3,Spring
20,20,2,Spring
20,36,2,Spring
20,37,2,Spring
21,2,2,Spring
21,10,2,Spring
21,16,2,Spring
21,17,2,Spring
21,17,2,Spring
21,18,3,Spring
21,18,2,Spring
21,19,3,Spring
21,20,3,Spring
21,21,3,Spring
21,22,3,Spring
21,23,3,Spring
21,24,2,Spring
21,25,2,Spring
21,27,2,Spring
21,28,2,Spring
21,29,2,Spring
21,30,2,Spring
21,36,2,Spring
21,37,2,Spring
22,2,2,Spring
22,2,2,Spring
22,3,2,Spring
22,3,2,Spring
22,4,2,Spring
22,5,2,Spring
22,8,2,Spring
22,9,2,Spring
22,9,3,Spring
22,10,2,Spring
22,16,2,Spring
22,17,2,Spring
22,17,2,Spring
22,18,2,Spring
22,18,2,Spring
22,19,2,Spring
22,20,3,Spring
22,21,3,Spring
22,22,3,Spring
22,23,3,Spring
22,24,3,Spring
22,25,3,Spring
22,37,2,Spring
22,38,2,Spring
22,45,2,Spring
23,2,2,Spring
23,2,2,Spring
23,3,2,Spring
23,3,2,Spring
23,4,2,Spring
23,4,2,Spring
23,5,2,Spring
23,6,2,Spring
23,9,3,Spring
23,10,3,Spring
23,11,3,Spring
23,17,2,Spring
23,18,2,Spring
23,19,2,Spring
23,24,2,Spring
23,26,2,Spring
23,30,2,Spring
23,31,2,Spring
23,38,2,Spring
23,45,2,Spring
24,2,2,Spring
24,3,2,Spring
24,3,2,Spring
24,4,2,Spring
24,4,2,Spring
24,5,2,Spring
24,6,2,Spring
24,7,2,Spring
24,10,3,Spring
24,11,2,Spring
24,11,2,Spring
24,11,3,Spring
24,12,2,Spring
24,13,2,Spring
24,14,2,Spring
24,15,2,Spring
24,17,2,Spring
24,18,2,Spring
24,19,2,Spring
24,22,2,Spring
24,23,2,Spring
24,24,2,Spring
24,25,2,Spring
24,26,2,Spring
24,30,2,Spring
24,31,2,Spring
24,32,2,Spring
24,32,2,Spring
24,33,2,Spring
24,39,2,Spring
24,41,2,Spring
24,42,2,Spring
24,43,2,Spring
24,44,2,Spring
25,2,2,Spring
25,2,2,Spring
25,2,2,Spring
25,2,2,Spring
25,3,2,Spring
25,5,2,Spring
25,6,2,Spring
25,7,2,Spring
25,8,2,Spring
25,10,3,Spring
25,11,2,Spring
25,11,2,Spring
25,11,3,Spring
25,12,2,Spring
25,12,2,Spring
25,12,3,Spring
25,13,2,Spring
25,13,2,Spring
25,14,2,Spring
25,15,2,Spring
25,16,2,Spring
25,16,2,Spring
25,17,3,Spring
25,18,2,Spring
25,19,2,Spring
25,20,2,Spring
25,22,2,Spring
25,23,2,Spring
25,24,2,Spring
25,25,2,Spring
25,29,2,Spring
25,30,2,Spring
25,30,2,Spring
25,30,2,Spring
25,31,2,Spring
25,31,2,Spring
25,32,2,Spring
25,32,2,Spring
25,33,2,Spring
25,34,2,Spring
25,40,2,Spring
25,40,2,Spring
25,41,2,Spring
25,41,2,Spring
25,42,2,Spring
25,43,2,Spring
26,2,2,Spring
26,3,2,Spring
26,4,2,Spring
26,5,2,Spring
26,7,2,Spring
26,8,2,Spring
26,9,2,Spring
26,9,2,Spring
26,10,2,Spring
26,11,2,Spring
26,11,2,Spring
26,11,3,Spring
26,12,2,Spring
26,12,2,Spring
26,12,2,Spring
26,12,3,Spring
26,13,2,Spring
26,13,2,Spring
26,13,3,Spring
26,14,2,Spring
26,14,2,Spring
26,14,2,Spring
26,15,3,Spring
26,15,2,Spring
26,16,2,Spring
26,16,2,Spring
26,17,3,Spring
26,17,2,Spring
26,18,2,Spring
26,18,2,Spring
26,19,2,Spring
26,20,2,Spring
26,21,2,Spring
26,23,2,Spring
26,24,2,Spring
26,30,2,Spring
26,31,2,Spring
26,32,2,Spring
26,32,2,Spring
26,33,2,Spring
26,34,2,Spring
26,35,2,Spring
26,39,2,Spring
26,40,2,Spring
26,40,2,Spring
26,40,2,Spring
26,41,2,Spring
26,41,2,Spring
26,42,2,Spring
27,2,2,Spring
27,2,2,Spring
27,3,2,Spring
27,3,2,Spring
27,4,2,Spring
27,4,2,Spring
27,5,2,Spring
27,6,2,Spring
27,7,2,Spring
27,8,2,Spring
27,9,2,Spring
27,9,2,Spring
27,10,2,Spring
27,10,2,Spring
27,11,2,Spring
27,11,2,Spring
27,11,3,Spring
27,12,2,Spring
27,12,2,Spring
27,12,2,Spring
27,12,3,Spring
27,13,2,Spring
27,13,2,Spring
27,13,2,Spring
27,13,3,Spring
27,14,3,Spring
27,14,2,Spring
27,14,2,Spring
27,14,2,Spring
27,15,3,Spring
27,15,2,Spring
27,15,3,Spring
27,15,2,Spring
27,15,2,Spring
27,16,3,Spring
27,16,2,Spring
27,16,2,Spring
27,16,2,Spring
27,17,2,Spring
27,17,2,Spring
27,17,2,Spring
27,18,2,Spring
27,19,2,Spring
27,20,2,Spring
27,30,2,Spring
27,31,2,Spring
27,32,2,Spring
27,33,2,Spring
27,34,2,Spring
27,35,2,Spring
27,36,2,Spring
27,41,2,Spring
27,41,2,Spring
27,42,2,Spring
27,42,2,Spring
28,2,2,Spring
28,2,2,Spring
28,3,2,Spring
28,3,2,Spring
28,3,2,Spring
28,4,2,Spring
28,4,2,Spring
28,4,2,Spring
28,5,2,Spring
28,5,2,Spring
28,6,2,Spring
28,7,2,Spring
28,8,2,Spring
28,8,2,Spring
28,9,4,Spring
28,9,2,Spring
28,10,4,Spring
28,10,2,Spring
28,11,2,Spring
28,11,2,Spring
28,11,2,Spring
28,12,5,Spring
28,12,2,Spring
28,12,2,Spring
28,12,3,Spring
28,13,4,Spring
28,13,3,Spring
28,13,2,Spring
28,13,3,Spring
28,14,2,Spring
28,14,3,Spring
28,14,2,Spring
28,14,2,Spring
28,14,3,Spring
28,15,2,Spring
28,15,3,Spring
28,15,2,Spring
28,15,3,Spring
28,15,2,Spring
28,15,2,Spring
28,16,4,Spring
28,16,2,Spring
28,16,2,Spring
28,16,2,Spring
28,17,2,Spring
28,17,2,Spring
28,18,2,Spring
28,18,2,Spring
28,19,2,Spring
28,32,2,Spring
28,33,2,Spring
28,34,2,Spring
28,35,2,Spring
28,36,2,Spring
28,37,2,Spring
28,41,2,Spring
28,42,2,Spring
29,2,2,Spring
29,3,2,Spring
29,4,2,Spring
29,4,2,Spring
29,5,3,Spring
29,5,2,Spring
29,6,3,Spring
29,6,2,Spring
29,7,4,Spring
29,7,3,Spring
29,7,2,Spring
29,8,4,Spring
29,8,3,Spring
29,8,2,Spring
29,9,4,Spring
29,9,2,Spring
29,10,5,Spring
29,10,2,Spring
29,11,5,Spring
29,11,2,Spring
29,12,5,Spring
29,12,2,Spring
29,12,2,Spring
29,12,3,Spring
29,13,4,Spring
29,13,2,Spring
29,13,2,Spring
29,13,3,Spring
29,14,4,Spring
29,14,3,Spring
29,14,3,Spring
29,14,2,Spring
29,14,3,Spring
29,15,4,Spring
29,15,3,Spring
29,15,3,Spring
29,15,3,Spring
29,15,2,Spring
29,15,3,Spring
29,16,3,Spring
29,16,2,Spring
29,16,3,Spring
29,16,3,Spring
29,16,3,Spring
29,17,2,Spring
29,18,2,Spring
29,18,2,Spring
29,18,2,Spring
29,20,2,Spring
29,21,2,Spring
29,32,2,Spring
29,33,2,Spring
29,34,2,Spring
29,35,2,Spring
29,36,2,Spring
30,3,2,Spring
30,3,2,Spring
30,4,3,Spring
30,5,4,Spring
30,5,2,Spring
30,6,3,Spring
30,7,3,Spring
30,8,3,Spring
30,9,3,Spring
30,9,2,Spring
30,10,3,Spring
30,11,3,Spring
30,11,2,Spring
30,12,3,Spring
30,12,2,Spring
30,13,3,Spring
30,13,3,Spring
30,13,2,Spring
30,13,2,Spring
30,14,3,Spring
30,14,3,Spring
30,14,2,Spring
30,14,2,Spring
30,15,2,Spring
30,15,3,Spring
30,15,3,Spring
30,15,2,Spring
30,15,2,Spring
30,15,2,Spring
30,15,2,Spring
30,16,3,Spring
30,16,2,Spring
30,16,2,Spring
30,16,2,Spring
30,17,2,Spring
30,17,2,Spring
30,18,2,Spring
30,18,2,Spring
30,26,2,Spring
30,27,2,Spring
30,28,2,Spring
30,28,2,Spring
30,29,2,Spring
30,29,2,Spring
30,30,2,Spring
30,31,2,Spring
30,32,2,Spring
30,33,2,Spring
30,34,2,Spring
30,35,2,Spring
30,36,2,Spring
30,37,2,Spring
31,2,2,Spring
31,3,2,Spring
31,3,3,Spring
31,4,2,Spring
31,4,2,Spring
31,5,2,Spring
31,5,2,Spring
31,6,2,Spring
31,7,2,Spring
31,9,2,Spring
31,9,2,Spring
31,10,3,Spring
31,10,2,Spring
31,10,2,Spring
31,11,2,Spring
31,12,2,Spring
31,12,2,Spring
31,13,3,Spring
31,13,2,Spring
31,13,2,Spring
31,13,2,Spring
31,14,3,Spring
31,14,2,Spring
31,14,2,Spring
31,15,3,Spring
31,15,3,Spring
31,15,2,Spring
31,16,3,Spring
31,16,3,Spring
31,16,2,Spring
31,16,2,Spring
31,16,2,Spring
31,17,2,Spring
31,17,2,Spring
31,17,2,Spring
31,17,2,Spring
31,18,2,Spring
31,18,2,Spring
31,18,2,Spring
31,19,2,Spring
31,19,2,Spring
31,20,2,Spring
31,20,2,Spring
31,21,2,Spring
31,22,2,Spring
31,22,2,Spring
31,23,2,Spring
31,24,2,Spring
31,25,2,Spring
31,25,2,Spring
31,26,2,Spring
31,26,2,Spring
31,27,2,Spring
31,28,2,Spring
31,29,2,Spring
31,29,2,Spring
31,30,2,Spring
31,30,2,Spring
31,33,2,Spring
31,34,2,Spring
31,34,2,Spring
31,35,2,Spring
31,35,2,Spring
31,36,2,Spring
31,37,2,Spring
5,43,2,Summer
5,44,2,Summer
5,45,2,Summer
5,46,2,Summer
6,45,2,Summer
22,2,2,Summer
22,2,2,Summer
23,3,2,Summer
23,4,2,Summer
23,5,2,Summer
25,2,2,Summer
30,2,2,Summer
30,15,2,Summer
31,14,3,Summer
31,15,3,Summer
31,16,2,Summer
31,17,2,Summer
31,18,3,Summer
31,19,3,Summer
31,20,3,Summer
31,21,3,Summer
31,22,3,Summer
1,2,2,Autumn
1,3,2,Autumn
1,4,2,Autumn
1,5,2,Autumn
1,6,2,Autumn
1,8,2,Autumn
2,2,2,Autumn
2,3,2,Autumn
2,4,2,Autumn
2,5,2,Autumn
2,6,2,Autumn
2,7,2,Autumn
2,8,2,Autumn
3,2,2,Autumn
3,3,2,Autumn
3,4,2,Autumn
3,5,2,Autumn
3,6,3,Autumn
3,7,3,Autumn
3,8,2,Autumn
3,9,2,Autumn
3,10,2,Autumn
3,26,2,Autumn
3,27,2,Autumn
3,28,2,Autumn
4,2,2,Autumn
4,3,2,Autumn
4,4,2,Autumn
4,5,3,Autumn
4,6,3,Autumn
4,7,3,Autumn
4,8,3,Autumn
4,9,3,Autumn
4,10,3,Autumn
4,24,2,Autumn
4,25,2,Autumn
4,26,2,Autumn
4,27,2,Autumn
4,28,2,Autumn
5,4,2,Autumn
5,5,3,Autumn
5,6,2,Autumn
5,9,3,Autumn
5,10,3,Autumn
6,4,2,Autumn
6,9,2,Autumn
6,10,3,Autumn
6,11,3,Autumn
6,12,2,Autumn
7,10,2,Autumn
7,12,2,Autumn
7,13,2,Autumn
8,4,2,Autumn
8,13,3,Autumn
9,5,2,Autumn
9,9,2,Autumn
10,4,2,Autumn
10,5,2,Autumn
10,6,2,Autumn
10,11,2,Autumn
10,12,2,Autumn
10,13,2,Autumn
10,14,2,Autumn
10,16,2,Autumn
11,2,2,Autumn
11,5,2,Autumn
11,6,2,Autumn
11,7,2,Autumn
11,8,2,Autumn
11,9,2,Autumn
11,10,2,Autumn
11,11,2,Autumn
11,12,2,Autumn
11,13,2,Autumn
11,14,2,Autumn
12,2,2,Autumn
12,7,2,Autumn
12,8,2,Autumn
12,9,2,Autumn
12,10,2,Autumn
12,11,2,Autumn
12,12,2,Autumn
12,13,2,Autumn
13,3,2,Autumn
13,9,2,Autumn
13,10,2,Autumn
13,11,2,Autumn
13,12,2,Autumn
13,13,2,Autumn
14,4,2,Autumn
14,5,2,Autumn
14,6,2,Autumn
14,7,2,Autumn
14,8,2,Autumn
14,11,2,Autumn
14,12,2,Autumn
14,13,2,Autumn
14,14,2,Autumn
14,31,2,Autumn
14,32,2,Autumn
15,7,2,Autumn
15,8,2,Autumn
15,8,2,Autumn
15,9,2,Autumn
15,10,2,Autumn
15,14,2,Autumn
15,15,2,Autumn
15,16,2,Autumn
15,20,2,Autumn
15,21,2,Autumn
15,22,2,Autumn
15,32,2,Autumn
16,9,2,Autumn
16,10,2,Autumn
16,11,2,Autumn
16,15,2,Autumn
16,16,2,Autumn
16,17,2,Autumn
16,18,2,Autumn
16,24,2,Autumn
16,25,2,Autumn
17,12,2,Autumn
17,13,2,Autumn
17,15,3,Autumn
17,16,2,Autumn
17,17,2,Autumn
17,18,2,Autumn
17,27,2,Autumn
17,28,2,Autumn
17,29,2,Autumn
17,34,2,Autumn
18,2,2,Autumn
18,2,2,Autumn
18,3,2,Autumn
18,3,2,Autumn
18,4,2,Autumn
18,4,2,Autumn
18,5,2,Autumn
18,6,2,Autumn
18,7,2,Autumn
18,8,2,Autumn
18,9,2,Autumn
18,11,2,Autumn
18,13,2,Autumn
18,17,2,Autumn
18,18,2,Autumn
18,19,2,Autumn
18,19,2,Autumn
18,20,2,Autumn
18,21,2,Autumn
18,23,2,Autumn
18,24,2,Autumn
19,2,2,Autumn
19,2,2,Autumn
19,3,2,Autumn
19,3,2,Autumn
19,4,2,Autumn
19,4,2,Autumn
19,5,2,Autumn
19,6,2,Autumn
19,7,2,Autumn
19,7,2,Autumn
19,7,2,Autumn
19,8,2,Autumn
19,8,2,Autumn
19,9,2,Autumn
19,11,2,Autumn
19,11,2,Autumn
19,12,2,Autumn
19,13,2,Autumn
19,15,2,Autumn
19,16,2,Autumn
19,17,2,Autumn
19,17,2,Autumn
19,17,2,Autumn
19,18,2,Autumn
19,18,2,Autumn
19,19,3,Autumn
19,20,2,Autumn
19,21,2,Autumn
19,22,2,Autumn
19,24,2,Autumn
19,25,2,Autumn
19,26,2,Autumn
19,27,2,Autumn
19,27,3,Autumn
19,28,2,Autumn
19,28,2,Autumn
19,35,2,Autumn
19,36,2,Autumn
20,2,3,Autumn
20,3,2,Autumn
20,4,2,Autumn
20,5,2,Autumn
20,6,2,Autumn
20,6,2,Autumn
20,6,2,Autumn
20,7,2,Autumn
20,7,2,Autumn
20,8,2,Autumn
20,9,2,Autumn
20,10,2,Autumn
20,11,2,Autumn
20,12,2,Autumn
20,13,2,Autumn
20,13,2,Autumn
20,14,2,Autumn
20,15,2,Autumn
20,16,3,Autumn
20,16,2,Autumn
20,17,2,Autumn
20,18,2,Autumn
20,18,2,Autumn
20,19,2,Autumn
20,20,2,Autumn
20,20,2,Autumn
20,21,2,Autumn
20,21,3,Autumn
20,21,2,Autumn
20,22,2,Autumn
20,22,2,Autumn
20,22,2,Autumn
20,22,2,Autumn
20,23,2,Autumn
20,24,2,Autumn
20,25,2,Autumn
20,26,2,Autumn
20,27,2,Autumn
20,27,2,Autumn
20,28,2,Autumn
20,29,2,Autumn
20,34,2,Autumn
20,35,2,Autumn
20,43,2,Autumn
20,44,2,Autumn
20,45,2,Autumn
21,2,2,Autumn
21,2,3,Autumn
21,3,2,Autumn
21,4,2,Autumn
21,5,2,Autumn
21,6,2,Autumn
21,6,2,Autumn
21,7,2,Autumn
21,7,2,Autumn
21,8,2,Autumn
21,8,3,Autumn
21,9,2,Autumn
21,9,4,Autumn
21,10,2,Autumn
21,12,2,Autumn
21,13,2,Autumn
21,14,2,Autumn
21,15,3,Autumn
21,15,2,Autumn
21,16,2,Autumn
21,18,2,Autumn
21,19,2,Autumn
21,19,2,Autumn
21,20,2,Autumn
21,20,2,Autumn
21,21,2,Autumn
21,21,2,Autumn
21,22,4,Autumn
21,22,2,Autumn
21,23,2,Autumn
21,24,2,Autumn
21,24,2,Autumn
21,24,2,Autumn
21,25,2,Autumn
21,25,2,Autumn
21,26,2,Autumn
21,26,3,Autumn
21,26,2,Autumn
21,27,2,Autumn
21,27,3,Autumn
21,27,2,Autumn
21,28,2,Autumn
21,28,2,Autumn
21,29,2,Autumn
21,30,2,Autumn
21,30,2,Autumn
21,31,2,Autumn
21,32,2,Autumn
21,33,2,Autumn
21,34,3,Autumn
21,35,3,Autumn
21,36,3,Autumn
21,43,2,Autumn
22,2,3,Autumn
22,3,2,Autumn
22,3,3,Autumn
22,4,2,Autumn
22,4,2,Autumn
22,5,2,Autumn
22,5,2,Autumn
22,6,2,Autumn
22,6,2,Autumn
22,7,2,Autumn
22,7,2,Autumn
22,8,2,Autumn
22,8,3,Autumn
22,9,2,Autumn
22,9,3,Autumn
22,10,2,Autumn
22,10,2,Autumn
22,11,2,Autumn
22,12,2,Autumn
22,13,3,Autumn
22,13,2,Autumn
22,14,3,Autumn
22,15,2,Autumn
22,19,2,Autumn
22,20,2,Autumn
22,21,2,Autumn
22,22,2,Autumn
22,23,2,Autumn
22,23,4,Autumn
22,24,2,Autumn
22,24,2,Autumn
22,24,2,Autumn
22,24,2,Autumn
22,25,2,Autumn
22,25,2,Autumn
22,25,2,Autumn
22,25,2,Autumn
22,26,2,Autumn
22,26,2,Autumn
22,26,2,Autumn
22,27,2,Autumn
22,27,2,Autumn
22,27,2,Autumn
22,27,2,Autumn
22,28,2,Autumn
22,28,2,Autumn
22,28,2,Autumn
22,29,2,Autumn
22,29,2,Autumn
22,30,2,Autumn
22,30,2,Autumn
22,31,2,Autumn
22,31,2,Autumn
22,32,2,Autumn
22,32,2,Autumn
22,33,2,Autumn
22,33,4,Autumn
22,34,3,Autumn
22,35,2,Autumn
22,36,2,Autumn
22,38,2,Autumn
23,3,2,Autumn
23,3,2,Autumn
23,4,2,Autumn
23,4,2,Autumn
23,4,2,Autumn
23,5,2,Autumn
23,5,2,Autumn
23,6,2,Autumn
23,6,2,Autumn
23,6,2,Autumn
23,7,2,Autumn
23,7,2,Autumn
23,8,2,Autumn
23,9,2,Autumn
23,10,2,Autumn
23,10,2,Autumn
23,11,2,Autumn
23,11,2,Autumn
23,12,2,Autumn
23,12,2,Autumn
23,19,2,Autumn
23,20,2,Autumn
23,21,4,Autumn
23,22,4,Autumn
23,23,3,Autumn
23,24,2,Autumn
23,24,3,Autumn
23,24,2,Autumn
23,25,2,Autumn
23,25,2,Autumn
23,25,2,Autumn
23,26,2,Autumn
23,26,2,Autumn
23,26,2,Autumn
23,27,2,Autumn
23,27,2,Autumn
23,27,2,Autumn
23,28,2,Autumn
23,28,2,Autumn
23,29,2,Autumn
23,30,2,Autumn
23,31,2,Autumn
23,31,2,Autumn
23,32,2,Autumn
23,32,2,Autumn
23,32,2,Autumn
23,33,2,Autumn
23,33,2,Autumn
24,2,2,Autumn
24,3,2,Autumn
24,4,2,Autumn
24,4,2,Autumn
24,5,2,Autumn
24,6,2,Autumn
24,11,2,Autumn
24,11,2,Autumn
24,19,3,Autumn
24,20,3,Autumn
24,20,2,Autumn
24,21,3,Autumn
24,22,3,Autumn
24,23,3,Autumn
24,23,2,Autumn
24,24,2,Autumn
24,24,3,Autumn
24,24,2,Autumn
24,25,2,Autumn
24,25,2,Autumn
24,25,2,Autumn
24,26,2,Autumn
24,26,2,Autumn
24,26,2,Autumn
24,27,2,Autumn
24,27,2,Autumn
24,28,2,Autumn
24,28,2,Autumn
24,29,2,Autumn
24,29,4,Autumn
24,30,2,Autumn
24,31,2,Autumn
24,33,2,Autumn
24,33,3,Autumn
24,34,2,Autumn
24,34,3,Autumn
24,36,2,Autumn
24,37,2,Autumn
25,2,2,Autumn
25,2,2,Autumn
25,2,2,Autumn
25,2,2,Autumn
25,3,2,Autumn
25,3,2,Autumn
25,3,2,Autumn
25,3,2,Autumn
25,3,2,Autumn
25,4,3,Autumn
25,4,2,Autumn
25,5,2,Autumn
25,5,2,Autumn
25,5,2,Autumn
25,13,3,Autumn
25,14,2,Autumn
25,19,2,Autumn
25,20,2,Autumn
25,21,3,Autumn
25,21,2,Autumn
25,22,3,Autumn
25,23,3,Autumn
25,23,2,Autumn
25,24,2,Autumn
25,24,3,Autumn
25,24,2,Autumn
25,25,2,Autumn
25,25,3,Autumn
25,25,2,Autumn
25,26,2,Autumn
25,27,2,Autumn
25,28,2,Autumn
25,29,2,Autumn
25,30,2,Autumn
25,31,2,Autumn
25,32,2,Autumn
25,34,2,Autumn
25,34,3,Autumn
25,35,2,Autumn
25,36,2,Autumn
25,36,2,Autumn
25,39,2,Autumn
26,2,2,Autumn
26,2,2,Autumn
26,2,2,Autumn
26,2,2,Autumn
26,3,2,Autumn
26,3,2,Autumn
26,3,2,Autumn
26,4,3,Autumn
26,4,2,Autumn
26,4,2,Autumn
26,5,3,Autumn
26,5,2,Autumn
26,6,2,Autumn
26,7,2,Autumn
26,17,2,Autumn
26,19,2,Autumn
26,20,2,Autumn
26,21,2,Autumn
26,22,2,Autumn
26,23,2,Autumn
26,23,2,Autumn
26,23,2,Autumn
26,24,2,Autumn
26,24,3,Autumn
26,25,2,Autumn
26,25,3,Autumn
26,26,2,Autumn
26,26,2,Autumn
26,27,2,Autumn
26,27,3,Autumn
26,28,2,Autumn
26,29,2,Autumn
26,30,2,Autumn
26,31,4,Autumn
26,32,3,Autumn
26,33,3,Autumn
26,34,2,Autumn
26,35,2,Autumn
26,36,2,Autumn
26,36,2,Autumn
26,37,2,Autumn
26,37,2,Autumn
26,38,3,Autumn
26,42,2,Autumn
26,43,2,Autumn
26,44,2,Autumn
26,45,2,Autumn
26,46,2,Autumn
27,2,2,Autumn
27,2,2,Autumn
27,2,2,Autumn
27,2,2,Autumn
27,2,2,Autumn
27,3,2,Autumn
27,3,2,Autumn
27,3,2,Autumn
27,3,2,Autumn
27,3,2,Autumn
27,4,2,Autumn
27,4,2,Autumn
27,5,2,Autumn
27,5,2,Autumn
27,6,3,Autumn
27,7,2,Autumn
27,7,3,Autumn
27,8,2,Autumn
27,9,2,Autumn
27,10,2,Autumn
27,11,2,Autumn
27,12,2,Autumn
27,13,2,Autumn
27,13,2,Autumn
27,14,2,Autumn
27,14,2,Autumn
27,15,2,Autumn
27,15,2,Autumn
27,16,2,Autumn
27,16,2,Autumn
27,16,2,Autumn
27,16,3,Autumn
27,17,2,Autumn
27,17,2,Autumn
27,17,3,Autumn
27,19,2,Autumn
27,20,2,Autumn
27,21,2,Autumn
27,22,2,Autumn
27,22,2,Autumn
27,23,2,Autumn
27,23,2,Autumn
27,24,2,Autumn
27,24,2,Autumn
27,25,2,Autumn
27,25,3,Autumn
27,26,2,Autumn
27,26,3,Autumn
27,27,2,Autumn
27,27,3,Autumn
27,28,2,Autumn
27,28,3,Autumn
27,29,2,Autumn
27,30,2,Autumn
27,31,2,Autumn
27,31,3,Autumn
27,32,2,Autumn
27,32,3,Autumn
27,32,3,Autumn
27,33,2,Autumn
27,33,3,Autumn
27,34,2,Autumn
27,35,2,Autumn
27,36,2,Autumn
27,36,4,Autumn
27,37,4,Autumn
27,38,2,Autumn
27,39,2,Autumn
27,39,2,Autumn
27,40,2,Autumn
27,40,2,Autumn
27,41,2,Autumn
27,42,3,Autumn
27,43,3,Autumn
27,44,3,Autumn
28,2,2,Autumn
28,2,2,Autumn
28,2,2,Autumn
28,2,2,Autumn
28,2,2,Autumn
28,2,2,Autumn
28,2,2,Autumn
28,2,2,Autumn
28,3,2,Autumn
28,3,2,Autumn
28,3,2,Autumn
28,3,2,Autumn
28,4,2,Autumn
28,5,2,Autumn
28,5,3,Autumn
28,6,3,Autumn
28,6,2,Autumn
28,7,2,Autumn
28,7,3,Autumn
28,7,2,Autumn
28,8,2,Autumn
28,8,4,Autumn
28,9,2,Autumn
28,9,4,Autumn
28,10,2,Autumn
28,10,3,Autumn
28,11,2,Autumn
28,11,2,Autumn
28,11,2,Autumn
28,12,2,Autumn
28,12,2,Autumn
28,13,2,Autumn
28,13,2,Autumn
28,13,2,Autumn
28,13,2,Autumn
28,14,2,Autumn
28,14,2,Autumn
28,14,2,Autumn
28,14,2,Autumn
28,15,4,Autumn
28,15,2,Autumn
28,16,4,Autumn
28,16,2,Autumn
28,17,3,Autumn
28,17,2,Autumn
28,18,2,Autumn
28,19,2,Autumn
28,20,2,Autumn
28,20,2,Autumn
28,21,2,Autumn
28,22,2,Autumn
28,22,2,Autumn
28,23,2,Autumn
28,23,2,Autumn
28,24,2,Autumn
28,24,2,Autumn
28,25,2,Autumn
28,25,3,Autumn
28,26,2,Autumn
28,26,3,Autumn
28,27,2,Autumn
28,27,3,Autumn
28,28,2,Autumn
28,28,2,Autumn
28,29,2,Autumn
28,29,2,Autumn
28,30,3,Autumn
28,30,2,Autumn
28,31,3,Autumn
28,31,2,Autumn
28,32,3,Autumn
28,32,2,Autumn
28,32,2,Autumn
28,33,3,Autumn
28,34,2,Autumn
28,34,2,Autumn
28,34,2,Autumn
28,34,2,Autumn
28,35,2,Autumn
28,35,2,Autumn
28,35,2,Autumn
28,35,2,Autumn
28,36,2,Autumn
28,36,2,Autumn
28,36,3,Autumn
28,37,3,Autumn
28,38,2,Autumn
28,39,2,Autumn
28,39,2,Autumn
28,40,2,Autumn
28,41,2,Autumn
28,42,2,Autumn
29,2,3,Autumn
29,2,2,Autumn
29,2,2,Autumn
29,2,3,Autumn
29,2,3,Autumn
29,2,2,Autumn
29,3,3,Autumn
29,3,2,Autumn
29,3,2,Autumn
29,3,3,Autumn
29,3,3,Autumn
29,3,6,Autumn
29,4,3,Autumn
29,4,2,Autumn
29,4,2,Autumn
29,4,3,Autumn
29,4,2,Autumn
29,4,2,Autumn
29,5,2,Autumn
29,5,2,Autumn
29,5,3,Autumn
29,5,2,Autumn
29,5,2,Autumn
29,6,2,Autumn
29,6,2,Autumn
29,6,3,Autumn
29,6,3,Autumn
29,6,2,Autumn
29,7,2,Autumn
29,7,3,Autumn
29,7,2,Autumn
29,8,2,Autumn
29,8,2,Autumn
29,8,4,Autumn
29,9,2,Autumn
29,9,2,Autumn
29,9,2,Autumn
29,9,2,Autumn
29,9,4,Autumn
29,10,2,Autumn
29,10,2,Autumn
29,10,2,Autumn
29,10,3,Autumn
29,10,2,Autumn
29,11,2,Autumn
29,11,2,Autumn
29,11,2,Autumn
29,11,2,Autumn
29,11,2,Autumn
29,12,2,Autumn
29,12,2,Autumn
29,12,2,Autumn
29,12,2,Autumn
29,12,2,Autumn
29,12,4,Autumn
29,13,2,Autumn
29,13,2,Autumn
29,13,2,Autumn
29,13,2,Autumn
29,13,2,Autumn
29,13,2,Autumn
29,13,2,Autumn
29,13,5,Autumn
29,14,2,Autumn
29,14,2,Autumn
29,14,2,Autumn
29,14,5,Autumn
29,15,2,Autumn
29,15,4,Autumn
29,15,2,Autumn
29,15,3,Autumn
29,15,2,Autumn
29,16,2,Autumn
29,16,4,Autumn
29,16,2,Autumn
29,16,2,Autumn
29,16,2,Autumn
29,17,4,Autumn
29,17,2,Autumn
29,17,2,Autumn
29,18,2,Autumn
29,18,2,Autumn
29,18,2,Autumn
29,19,2,Autumn
29,19,2,Autumn
29,19,2,Autumn
29,20,2,Autumn
29,20,2,Autumn
29,21,2,Autumn
29,21,2,Autumn
29,21,2,Autumn
29,22,2,Autumn
29,23,2,Autumn
29,24,2,Autumn
29,25,2,Autumn
29,25,2,Autumn
29,26,2,Autumn
29,26,2,Autumn
29,26,3,Autumn
29,27,2,Autumn
29,27,2,Autumn
29,27,2,Autumn
29,27,2,Autumn
29,28,2,Autumn
29,28,2,Autumn
29,28,2,Autumn
29,28,2,Autumn
29,29,2,Autumn
29,29,2,Autumn
29,29,2,Autumn
29,29,2,Autumn
29,30,3,Autumn
29,30,2,Autumn
29,30,2,Autumn
29,30,2,Autumn
29,31,3,Autumn
29,31,2,Autumn
29,31,2,Autumn
29,32,3,Autumn
29,32,2,Autumn
29,32,2,Autumn
29,33,3,Autumn
29,33,2,Autumn
29,33,2,Autumn
29,33,2,Autumn
29,34,2,Autumn
29,34,2,Autumn
29,34,2,Autumn
29,34,2,Autumn
29,34,2,Autumn
29,35,2,Autumn
29,35,2,Autumn
29,35,2,Autumn
29,35,2,Autumn
29,36,2,Autumn
29,36,2,Autumn
29,36,4,Autumn
29,36,2,Autumn
29,36,2,Autumn
29,37,2,Autumn
29,37,2,Autumn
29,38,2,Autumn
29,38,2,Autumn
29,39,2,Autumn
30,2,3,Autumn
30,2,2,Autumn
30,2,3,Autumn
30,2,3,Autumn
30,2,3,Autumn
30,2,2,Autumn
30,3,3,Autumn
30,3,2,Autumn
30,3,2,Autumn
30,3,3,Autumn
30,3,3,Autumn
30,3,3,Autumn
30,3,2,Autumn
30,4,3,Autumn
30,4,2,Autumn
30,4,2,Autumn
30,4,3,Autumn
30,4,2,Autumn
30,4,2,Autumn
30,4,2,Autumn
30,5,2,Autumn
30,5,3,Autumn
30,5,2,Autumn
30,5,2,Autumn
30,5,3,Autumn
30,5,2,Autumn
30,5,2,Autumn
30,6,2,Autumn
30,6,3,Autumn
30,6,2,Autumn
30,6,2,Autumn
30,6,3,Autumn
30,6,3,Autumn
30,6,2,Autumn
30,7,2,Autumn
30,7,2,Autumn
30,7,2,Autumn
30,7,2,Autumn
30,7,3,Autumn
30,7,3,Autumn
30,8,2,Autumn
30,8,2,Autumn
30,8,3,Autumn
30,8,3,Autumn
30,9,2,Autumn
30,9,3,Autumn
30,9,2,Autumn
30,10,2,Autumn
30,10,2,Autumn
30,10,2,Autumn
30,11,2,Autumn
30,11,2,Autumn
30,11,2,Autumn
30,11,3,Autumn
30,11,2,Autumn
30,11,2,Autumn
30,12,2,Autumn
30,12,2,Autumn
30,12,2,Autumn
30,12,5,Autumn
30,13,2,Autumn
30,13,2,Autumn
30,13,2,Autumn
30,13,2,Autumn
30,13,5,Autumn
30,14,2,Autumn
30,14,2,Autumn
30,14,2,Autumn
30,14,2,Autumn
30,14,2,Autumn
30,14,5,Autumn
30,15,2,Autumn
30,15,4,Autumn
30,15,2,Autumn
30,15,2,Autumn
30,15,3,Autumn
30,15,6,Autumn
30,16,2,Autumn
30,16,2,Autumn
30,16,2,Autumn
30,16,2,Autumn
30,16,4,Autumn
30,16,3,Autumn
30,16,2,Autumn
30,16,3,Autumn
30,17,2,Autumn
30,17,2,Autumn
30,17,2,Autumn
30,17,2,Autumn
30,18,2,Autumn
30,18,2,Autumn
30,19,3,Autumn
30,19,2,Autumn
30,19,2,Autumn
30,19,3,Autumn
30,20,2,Autumn
30,20,2,Autumn
30,20,2,Autumn
30,21,2,Autumn
30,23,2,Autumn
30,27,2,Autumn
30,27,3,Autumn
30,28,2,Autumn
30,28,2,Autumn
30,28,2,Autumn
30,29,2,Autumn
30,29,3,Autumn
30,29,2,Autumn
30,30,3,Autumn
30,30,3,Autumn
30,30,2,Autumn
30,31,3,Autumn
30,31,2,Autumn
30,31,2,Autumn
30,32,3,Autumn
30,32,2,Autumn
30,32,2,Autumn
30,33,3,Autumn
30,33,2,Autumn
30,33,2,Autumn
30,34,3,Autumn
30,34,2,Autumn
30,34,2,Autumn
30,34,2,Autumn
30,34,2,Autumn
30,35,3,Autumn
30,35,2,Autumn
30,35,3,Autumn
30,35,2,Autumn
30,35,2,Autumn
30,36,2,Autumn
30,36,2,Autumn
30,36,3,Autumn
30,36,2,Autumn
30,36,2,Autumn
30,36,2,Autumn
30,37,2,Autumn
30,37,2,Autumn
30,37,4,Autumn
30,37,2,Autumn
30,38,2,Autumn
30,38,2,Autumn
30,39,2,Autumn
31,2,2,Autumn
31,2,3,Autumn
31,2,2,Autumn
31,2,2,Autumn
31,2,3,Autumn
31,2,4,Autumn
31,3,2,Autumn
31,3,3,Autumn
31,3,2,Autumn
31,3,3,Autumn
31,3,4,Autumn
31,4,2,Autumn
31,4,3,Autumn
31,4,2,Autumn
31,4,3,Autumn
31,4,4,Autumn
31,5,3,Autumn
31,5,2,Autumn
31,5,3,Autumn
31,5,4,Autumn
31,6,3,Autumn
31,6,2,Autumn
31,6,2,Autumn
31,6,3,Autumn
31,6,3,Autumn
31,6,3,Autumn
31,7,2,Autumn
31,7,2,Autumn
31,7,3,Autumn
31,7,3,Autumn
31,7,3,Autumn
31,7,3,Autumn
31,8,2,Autumn
31,8,2,Autumn
31,8,3,Autumn
31,8,3,Autumn
31,8,3,Autumn
31,8,2,Autumn
31,8,2,Autumn
31,9,2,Autumn
31,9,4,Autumn
31,9,3,Autumn
31,9,2,Autumn
31,9,2,Autumn
31,10,2,Autumn
31,10,3,Autumn
31,10,2,Autumn
31,10,2,Autumn
31,11,3,Autumn
31,11,2,Autumn
31,11,4,Autumn
31,12,2,Autumn
31,12,3,Autumn
31,12,2,Autumn
31,12,4,Autumn
31,13,2,Autumn
31,13,2,Autumn
31,13,2,Autumn
31,13,2,Autumn
31,13,3,Autumn
31,14,2,Autumn
31,14,2,Autumn
31,14,2,Autumn
31,14,3,Autumn
31,15,2,Autumn
31,15,3,Autumn
31,15,2,Autumn
31,15,2,Autumn
31,15,2,Autumn
31,15,4,Autumn
31,16,2,Autumn
31,16,3,Autumn
31,16,2,Autumn
31,16,4,Autumn
31,17,2,Autumn
31,17,2,Autumn
31,17,2,Autumn
31,17,2,Autumn
31,17,2,Autumn
31,17,2,Autumn
31,17,2,Autumn
31,18,2,Autumn
31,18,2,Autumn
31,18,2,Autumn
31,18,2,Autumn
31,18,3,Autumn
31,18,2,Autumn
31,19,2,Autumn
31,19,2,Autumn
31,19,2,Autumn
31,19,3,Autumn
31,19,3,Autumn
31,20,2,Autumn
31,20,3,Autumn
31,20,2,Autumn
31,21,2,Autumn
31,21,2,Autumn
31,21,2,Autumn
31,21,2,Autumn
31,22,3,Autumn
31,22,2,Autumn
31,22,2,Autumn
31,22,2,Autumn
31,23,2,Autumn
31,29,2,Autumn
31,29,2,Autumn
31,30,3,Autumn
31,30,3,Autumn
31,30,2,Autumn
31,31,3,Autumn
31,31,2,Autumn
31,31,2,Autumn
31,32,3,Autumn
31,32,2,Autumn
31,32,2,Autumn
31,33,2,Autumn
31,33,3,Autumn
31,33,2,Autumn
31,33,2,Autumn
31,34,3,Autumn
31,34,2,Autumn
31,34,2,Autumn
31,34,2,Autumn
31,35,4,Autumn
31,35,2,Autumn
31,35,2,Autumn
31,35,2,Autumn
31,35,2,Autumn
31,36,4,Autumn
31,36,2,Autumn
31,36,2,Autumn
31,37,4,Autumn
31,37,2,Autumn
31,37,2,Autumn
